"","V1","V2","V3"
"1","0","Westiellamide","0.359420289855072"
"2","1","Trichormamide B","0.690045248868778"
"3","1","Tricholide B","0.245762711864407"
"4","1","Tricholide A","0.262969588550984"
"5","0","Smenamide C","0.219647822057461"
"6","1","Credneramide A","0.320359281437126"
"7","1","Credneramide B","0.205696202531646"
"8","0","Smenamide E","0.255075022065313"
"9","0","Smenamide D","0.219647822057461"
"10","0","Trichophycin A","0.246515679442509"
"11","0","Tjipanazole G2","0.14507299270073"
"12","0","Tjipanazole G1","0.14507299270073"
"13","0","Tjipanazole J","0.134909596662031"
"14","1","Tjipanazole D","0.13953488372093"
"15","0","Tjipanazole F2","0.157680569684639"
"16","0","Tjipanazole C4","0.149606299212598"
"17","0","Tjipanazole C2","0.149606299212598"
"18","1","Tjipanazole I","0.150684931506849"
"19","0","Tjipanazole F1","0.157680569684639"
"20","0","Tjipanazole C3","0.149606299212598"
"21","0","Tjipanazole C1","0.149606299212598"
"22","0","Tjipanazole B","0.164506480558325"
"23","1","Tjipanazole A2","0.155048076923077"
"24","0","Tjipanazole E","0.159133709981168"
"25","1","Tjipanazole A1","0.155048076923077"
"26","1","Tolyporphin C","0.255670103092783"
"27","0","Tolyporphin K","0.235559566787004"
"28","0","Tolyporphin E","0.28377358490566"
"29","0","Tolyporphin F","0.288235294117647"
"30","1","Tolyporphin B","0.254635352286774"
"31","0","Tolyporphin D","0.25191905094208"
"32","0","Tolyporphin I","0.215808170515098"
"33","0","Tolyporphin G","0.215277777777778"
"34","0","Tolyporphin H","0.215277777777778"
"35","0","Tolyporphin J","0.180032733224223"
"36","1","Tolybyssidin A","0.550520997789706"
"37","0","Tolypodiol","0.416547788873039"
"38","0","Nakienone C","0.19634703196347"
"39","0","Nakienone B","0.139130434782609"
"40","0","Nakienone A","0.149122807017544"
"41","1","Nakitriol","0.0945454545454545"
"42","0","Ankaraholide A","0.214612761811982"
"43","0","Ankaraholide B","0.211706941369019"
"44","0","Tasiamid D","0.440925700365408"
"45","1","Tasiamid C","0.447408536585366"
"46","1","Tasiamid E","0.464489175845044"
"47","0","Tasipeptin A","0.649782350613376"
"48","1","Caracolamide A","0.197604790419162"
"49","1","Santacruzamate A","0.200542005420054"
"50","0","Guineamide","0.28921124206709"
"51","0","Largazole","0.284322409211692"
"52","1","Carmaphycin A","0.342713567839196"
"53","1","Carmaphycin B","0.33625730994152"
"54","0","Malevamide A","0.436619718309859"
"55","1","Malevamide B","0.450702121302659"
"56","0","Symplocamide A","0.635191637630662"
"57","0","Symplostatin 2","0.624524436640328"
"58","0","Micromide","0.410469314079422"
"59","1","Hoiamide B","0.335121489428842"
"60","1","Veraguamide D","0.373186985495884"
"61","0","Malevamide C","0.436550151975684"
"62","0","Samoamide A","0.523978685612789"
"63","1","Veraguamide G","0.373359840954274"
"64","1","Veraguamide C","0.352388410336727"
"65","1","Veraguamide E","0.386266094420601"
"66","0","Tasiamid A","0.460072963113093"
"67","1","Malevamide D","0.32744014732965"
"68","0","Symplostatin 3","0.336141195346972"
"69","1","Symplostatin 1","0.334498427123383"
"70","0","Dolastatin 10","0.320191158900836"
"71","0","Symplocin A","0.482147379083312"
"72","0","Belamide A","0.295932051855163"
"73","0","Tasipeptin B","0.595359628770302"
"74","0","Croissamide","0.483187471211423"
"75","1","Veraguamide B","0.323371647509579"
"76","0","Malevamide E","0.431225868725869"
"77","0","Tasiamid B","0.493193420306296"
"78","0","Dinghupeptin B","0.595183859420761"
"79","0","Dinghupeptin C","0.577854671280277"
"80","0","Dinghupeptin D","0.590525632706035"
"81","0","Dinghupeptin A","0.609260493004664"
"82","0","Dendroamide B","0.496231155778894"
"83","0","Dendroamide C","0.477683956574186"
"84","0","Dendroamide A","0.539893617021277"
"85","1","Biopterin-a-glucoside","0.237442922374429"
"86","1","Spumigin N","0.51062091503268"
"87","1","Dihydrospumigin M","0.519309778142975"
"88","1","Dihydrospumigin K","0.568822553897181"
"89","0","Spumigin K","0.516040955631399"
"90","1","Spumigin M","0.51062091503268"
"91","1","Dihydrospumigin N","0.519309778142975"
"92","1","Dihydrospumigin L","0.568822553897181"
"93","0","Spumigin L","0.516040955631399"
"94","1","Namalide B","0.788087056128293"
"95","1","Namalide C","0.791044776119403"
"96","0","tetraacyl-sulfo-quinovopyranosyl glycerol","0.187492244695372"
"97","0","Scytophycin A","0.256008359456635"
"98","0","Scytophycin E","0.29247311827957"
"99","0","Scytophycin C","0.279379956741168"
"100","0","Scytophycin D","0.274655355249205"
"101","0","Scytophycin B","0.278270116979794"
"102","0","19-O-deMe-scytophycin C","0.283719220874678"
"103","0","6-OH-scytophycin B","0.278357235984355"
"104","0","Mirabimide B","0.314312011044639"
"105","0","Mirabimide C","0.283595505617978"
"106","1","Mirabimide D","0.3252"
"107","0","Mirabimide A","0.296511627906977"
"108","1","Scytonemide B","0.504635227730754"
"109","0","Didehydromirabazole A","0.173218673218673"
"110","0","Mirabazole B","0.16094674556213"
"111","0","Tantazole I","0.212704523580366"
"112","1","Scytonemide A","0.641039523551705"
"113","0","Mirabazole C","0.142344497607655"
"114","0","Cyanobacterin","0.232876712328767"
"115","1","Hydroxycyanobacterin","0.201904761904762"
"116","0","Tolytoxin","0.271884984025559"
"117","0","6-OH-7-OMe-scytophycin E","0.28335056876939"
"118","0","7-Ac-scytophycin B","0.282807731434385"
"119","1","Mirabilene C isonitrile","0.194585448392555"
"120","0","Scytonemin A","0.605793265696221"
"121","0","Mirabimide E","0.20021645021645"
"122","0","Mirabilene A isonitrile","0.151609553478712"
"123","1","Mirabilene F isonitrile","0.143624161073826"
"124","0","Scytoscalarol","0.333333333333333"
"125","1","Mirabilene E isonitrile","0.191681735985533"
"126","1","Mirabilene B isonitrile","0.194585448392555"
"127","1","Mirabilene D isonitrile","0.194585448392555"
"128","1","Tutuilamide B","0.586381207255427"
"129","1","Tutuilamide A","0.595379537953795"
"130","0","Schizotrin A","0.749319237546052"
"131","1","Gallinamide A","0.289080911233307"
"132","1","Schizopeptin 791","0.92274678111588"
"133","1","Viequeamide A","0.409239723535831"
"134","1","Viequeamide B","0.442461071021648"
"135","1","4S-Hydroxyhomoanatoxin-a","0.169642857142857"
"136","0","4-Oxohomoanatoxin-a","0.174887892376682"
"137","1","4R-Hydroxyhomoanatoxin-a","0.169642857142857"
"138","0","Micropeptin K139","0.722054380664653"
"139","1","Puna<U+0092>auic acid","0.195945945945946"
"140","1","Radiosumin","0.31515812431843"
"141","0","[D-Asp3]MC-HilR","0.839339339339339"
"142","0","[D-Asp3,Mser7]MC-LR","0.78117048346056"
"143","0","Anabaenopeptin SA2","0.737891737891738"
"144","1","Anabaenopeptin SA13","0.756846081208687"
"145","0","[D-Asp3,(E)-Dhb7]MC-HtyHty","0.613712886440159"
"146","0","[D-Asp3,(E)-Dhb7]MC-HtyY","0.604511278195489"
"147","0","[D-Asp3,D-MeO-Glu6]MC-HtyR","0.72049501961968"
"148","0","[D-Asp3,DMAdda5]MC-HtyR","0.710631741140216"
"149","0","[D-Asp3,Mser7]MC-HtyR","0.693907875185735"
"150","0","Anabaenopeptin SA3","0.74261811023622"
"151","0","[D-Asp3,Thr7]MC-RR","0.754397834912043"
"152","0","[D-Asp3]MC-HphR","0.771784232365145"
"153","1","Phycocyanobilin","0.260976813024174"
"154","0","[D-Leu1,D-Asp3]MC-RR","0.74860701409374"
"155","0","[D-Leu1]MC-RR","0.727098627513565"
"156","0","MC-HphHph","0.653197581928094"
"157","0","Hierridin B","0.268595041322314"
"158","1","Phormidolide","0.2719836400818"
"159","0","Caylobolide B","0.364841498559078"
"160","0","Samholide F","0.220259019426457"
"161","0","Samholide D","0.212132996305658"
"162","0","Samholide B","0.220045478397761"
"163","0","Samholide G","0.220259019426457"
"164","0","Samholide E","0.220259019426457"
"165","0","Samholide H","0.214932126696833"
"166","1","Phormidinine B","0.218232044198895"
"167","1","Phormidinine A","0.183229813664596"
"168","0","Samholide I","0.249025769956003"
"169","0","Samholide A","0.220045478397761"
"170","0","Samholide C","0.212132996305658"
"171","0","MC-LHph","0.66734693877551"
"172","0","MC-HphHty","0.657861635220126"
"173","0","MC-LHty","0.679270762997974"
"174","1","Phycoerythrobilin","0.269168026101142"
"175","1","Deoxypalytoxin","0.146871954784642"
"176","1","Palytoxin","0.145687420191154"
"177","1","Neopalytoxin","0.146737859536987"
"178","1","Homopalytoxin","0.145658694147504"
"179","1","Bishomopalytoxin","0.145668539111162"
"180","1","(42S-50S)42-hydroxypalytoxin","0.144338608081118"
"181","1","(42S-50R)42-hydroxypalytoxin","0.144338608081118"
"182","1","Ovatoxin-a","0.148789878987899"
"183","1","Ostreocin-D","0.146193293885602"
"184","1","Palythine<U+0096>threonine","0.735576923076923"
"185","0","Anabaenopeptin G-Erhard","0.691176470588235"
"186","0","Anabaenopeptin H-Itou","0.703056768558952"
"187","0","Anabaenopeptin G-Itou","0.713658146964856"
"188","1","Aeruginosin A","0.501189532117367"
"189","0","Portoamide B","0.808466119427008"
"190","0","Portoamide A","0.801602564102564"
"191","1","Microviridin K","0.844583096993761"
"192","0","Aeruginosin 205A","0.469773299748111"
"193","0","Aeruginosin 205B","0.469773299748111"
"194","0","[D-Asp3,(Z)-Dhb7]MC-HtyR","0.721204188481675"
"195","0","[D-Asp3,(E)-Dhb7]MC-HphR","0.729243081027009"
"196","0","[D-Asp3,(E)-Dhb7]MC-YR","0.717512376237624"
"197","0","[D-Asp3,(E)-Dhb7]MC-HtyW","0.600466608340624"
"198","0","[D-Asp3,ADMAdda5]MC-HtyR","0.723664577737989"
"199","0","[D-Asp<U+00B3>,Mser7]MC-RR","0.751435325903411"
"200","1","cis-Dihydrohomoanatoxin-a","0.132275132275132"
"201","1","Planktopeptin BL1061","0.650767722966351"
"202","0","Portoamide D","0.681754874651811"
"203","0","Portoamide C","0.708761972330614"
"204","0","Planktopeptin BL1125","0.616104407781335"
"205","1","Planktopeptin BL843","0.651570787433701"
"206","0","Aeruginosin 828A","0.436213991769547"
"207","0","Largamide G","0.566113850291349"
"208","1","Largamide E","0.635761589403974"
"209","0","Largamide F","0.58352455254704"
"210","1","Largamide D","0.606163415323721"
"211","1","Veraguamide L","0.323798627002288"
"212","0","(2S)-1-O-Palmitoyl-3-O-beta-D-galactopyranosylglycerol","0.382436260623229"
"213","0","Propenediester","0.265454545454545"
"214","1","Trichormamide C","0.886977886977887"
"215","0","Trichormamide D","0.583389715832206"
"216","1","Largamide H","0.504981024667932"
"217","0","ethyl tumonoate A","0.241630276564774"
"218","1","Veraguamide J","0.361855257896841"
"219","1","Veraguamide I","0.385479342158043"
"220","0","Acutiphycin","0.299075025693731"
"221","0","Sanctolide A","0.24748743718593"
"222","0","(2S)-3-O-beta-D-galactopyranosyl-1-O-(9Z,12Z-octadecadienoyl)-2-O-(4Z-hexadecenoyl)glycerol","0.413731343283582"
"223","0","Hoshinolactam","0.223011363636364"
"224","0","Homoanatoxin-a","0.158139534883721"
"225","1","Veraguamide K","0.343623667769203"
"226","1","Myxol (II)","0.53957783641161"
"227","0","Raocyclamide A","0.538720538720539"
"228","0","Raocyclamide B","0.510427010923535"
"229","1","Veraguamide A","0.345754898194391"
"230","0","Prenylagaramide B","0.57883291047481"
"231","1","Oscillacyclin","0.516486640136441"
"232","0","Brintonamide A","0.404550713459314"
"233","1","Viridamide B","0.348686069511161"
"234","1","Viridamide A","0.357203032855939"
"235","0","Oscillapeptin J","0.614599686028257"
"236","0","Oscillapeptin F","0.73021582733813"
"237","0","Oscillapeptin E","0.849774520856821"
"238","0","Oscillapeptin D","0.754329004329004"
"239","0","Oscillapeptin C","0.67550911039657"
"240","0","Oscillamide C","0.741451209341118"
"241","1","Oscillapeptide 97A","0.626662810873337"
"242","1","Oscillapeptide 97B","0.649221596555151"
"243","0","Microviridin I","0.831360600023438"
"244","0","2,3-Epoxyanatoxin-a","0.116591928251121"
"245","1","Oscillatorin","0.554089709762533"
"246","0","Planktocyclin","0.514790286975717"
"247","0","Brintonamide B","0.392704695382227"
"248","0","Brintonamide C","0.415268456375839"
"249","0","Brintonamide E","0.415531836584468"
"250","0","Brintonamide D","0.415531836584468"
"251","0","[seco7][D-Asp3]MC-RR","0.657398529881751"
"252","0","Venturamide B","0.551045510455105"
"253","1","Coibacin A","0.261261261261261"
"254","0","Oscillamide B","0.769825918762089"
"255","0","19,21-Dibromooscillatoxin A","0.303571428571429"
"256","0","21-Bromooscillatoxin A","0.309882747068677"
"257","0","Venturamide A","0.548128342245989"
"258","1","Veraguamide H","0.329430132708821"
"259","1","Oscillapeptilide 97A","0.626662810873337"
"260","1","Oscillapeptilide 97B","0.649221596555151"
"261","0","19-Bromoaplysiatoxin","0.297403619197482"
"262","0","[D-Asp3,(E)-Dhb7]MC-RR","0.813120567375887"
"263","0","[D-Asp3]MC-RR","0.820220719117124"
"264","0","[D-Asp<U+00B3>,DMAdda5]MC-RR","0.775"
"265","0","[D-Asp3,(E)-Dhb7]MC-HtyR","0.721204188481675"
"266","0","[D-Asp3,(Z)-Dhb7]MC-LR","0.848450057405281"
"267","0","[D-Asp3,(E)-Dhb7]MC-LR","0.848450057405281"
"268","0","[Asp3,Dhb7]MC-LY","0.663029925187032"
"269","0","[D-Asp3,(E)-Dhb7]MC-LW","0.704333333333333"
"270","0","Largamide C","0.533529411764706"
"271","0","Largamide B","0.533149171270718"
"272","0","Largamide A","0.490066225165563"
"273","0","20,21-didehydroacutiphycin","0.292433537832311"
"274","0","Prenylagaramide A","0.522632674297607"
"275","1","Coibacin C","0.32"
"276","0","1-(2-Hydroxy-phenoxy)-trieicos-1-en-3-one","0.267822736030829"
"277","1","Oscillariolide","0.285368217054264"
"278","1","Almiramide E","0.337259521005104"
"279","1","Almiramide H","0.338836477987421"
"280","1","Almiramide G","0.316074188562597"
"281","1","Almiramide F","0.354601701469451"
"282","1","Almiramide D","0.337204800619435"
"283","0","MC-LHar","0.728737997256516"
"284","0","Nuiapolide","0.322822020309995"
"285","0","Bastimolide A","0.323529411764706"
"286","0","Jahanane","0.356267917643993"
"287","0","Biseokeaniamide C","0.416107382550336"
"288","1","Biseokeaniamide B","0.412231559290383"
"289","0","Biseokeaniamide A","0.389631429728635"
"290","1","Urumamide","0.424121405750799"
"291","1","Ypaoamide B","0.199191102123357"
"292","1","Ypaoamide C","0.193840579710145"
"293","1","Janadolide","0.349980182322632"
"294","0","6-deoxytolypodiol","0.458270106221548"
"295","0","11-hydroxytolypodiol","0.369447453954496"
"296","0","[D-Leu1,Dha7]MC-LR","0.797819971870605"
"297","1","Mycosporine-ornithine","0.418032786885246"
"298","1","Porphyra-334","0.451298701298701"
"299","1","Nostocyclopeptide Ncp-E1-L","0.526785714285714"
"300","1","Nostocyclopeptide Ncp-E2-L","0.485549132947977"
"301","1","Nostocyclopeptide Ncp-E1","0.822488584474886"
"302","0","Anabaenopeptin SA1","0.615287694246115"
"303","0","Anabaenopeptin SA8","0.674933569530558"
"304","1","Anabaenopeptin SA7","0.719387755102041"
"305","1","Nostamide A","0.857868020304569"
"306","1","Nostocyclopeptide Ncp-E2","0.708213670304423"
"307","1","Nostocyclopeptide Ncp-E3","0.705275229357798"
"308","0","1050-Da MAA","0.252797893350889"
"309","0","nostoc-756","0.24330900243309"
"310","0","Nostosin A","0.36231884057971"
"311","1","Nostosin B","0.436344969199179"
"312","1","Hexose-bound porphyra-334","0.614525139664804"
"313","1","Nostosin E","0.403076923076923"
"314","1","Nostosin C","0.452229299363057"
"315","1","Nostosin F","0.412140575079872"
"316","1","Nostosin D","0.473333333333333"
"317","1","Hexose-bound palythine-treonine","0.648351648351648"
"318","0","Nostocyclin","0.631207527443806"
"319","0","Nostoginin BN578","0.447889750215332"
"320","1","Cryptophycin 25","0.342354533152909"
"321","0","Banyascyclamide A","0.472727272727273"
"322","0","Banyascyclamide C","0.473469387755102"
"323","0","Banyascyclamide B","0.503067484662577"
"324","0","Mycosporine-GABA","0.526785714285714"
"325","0","Cryptophycin 101","0.345339936965331"
"326","1","Cryptophycin 15","0.355191256830601"
"327","0","Aeruginosin 865","0.432926829268293"
"328","1","Nostophycin C","0.518441773725653"
"329","1","Anabaenopeptin 871","0.842452830188679"
"330","1","Anabaenopeptin 857","0.838599902771026"
"331","1","Nostocyclopeptide","0.587692307692308"
"332","0","Cyanopeptolin CP1048","0.625281440977806"
"333","0","Cyanopeptolin CP1018","0.66248729244324"
"334","0","Cyanopeptolin CP990","0.700457585357269"
"335","1","Cyanopeptolin CP1027","0.678560628968854"
"336","1","Cyanopeptolin CP1013","0.725897920604915"
"337","1","Anabaenopeptin 897","0.675527426160338"
"338","1","Anabaenopeptin 882","0.686232196806215"
"339","0","deprenylmuscoride B","0.25459825750242"
"340","1","Cryptophycin 12","0.300632911392405"
"341","1","Anabaenopeptin SA4","0.644547563805104"
"342","1","Anabaenopeptin SA5","0.752249867654844"
"343","1","Anabaenopeptin SA6","0.799891245241979"
"344","0","[Gly1,D-Asp3,ADMAdda5]MC-RR","0.736771600803751"
"345","0","[Gly1,D-Asp3,ADMAdda5]MC-RHar","0.694587628865979"
"346","0","[D-Ser1,ADMAdda5]MC-LR","0.765146358066712"
"347","0","[ADMAdda5]MC-FR","0.711032713277742"
"348","0","[ADMAdda5]MC-LHar","0.700797872340426"
"349","0","[ADMAdda5,Mser7]MC-LR","0.70704037370704"
"350","0","[D-Asp<U+00B3>,ADMAdda5]MC-(H4)YR","0.732447817836812"
"351","0","[DMAdda5]MC-(H4)YR","0.705333333333333"
"352","0","[ADMAdda5]MC-(H4)YR","0.704203743479595"
"353","0","[ADMAdda5]MC-(H4)YHar","0.665976331360947"
"354","1","Nostophycin","0.518744906275469"
"355","1","Nostopeptin BN920","0.651785714285714"
"356","0","Muscoride B","0.236318407960199"
"357","1","Nostophycin B","0.508439687114039"
"358","0","Nostoweipeptin W6","0.544300929073193"
"359","0","Nostoweipeptin W7","0.545222041385724"
"360","0","6-OH-scytophycin D/E","0.287077686581409"
"361","1","Glycosylated Palythine-threonine","0.411764705882353"
"362","0","Nostoginin BN741","0.421985815602837"
"363","1","Pentose-bound shinorine","0.599092284417549"
"364","1","Palythine","0.454976303317536"
"365","1","478-Da MAA","0.564655172413793"
"366","1","13-O-(beta-galactosyl)-porphyra-334","0.598893499308437"
"367","1","beta-N-methylamino-L-alanine","0.12"
"368","1","Nostofungicine","0.410442970254654"
"369","1","Banyaside B","0.350480322280756"
"370","1","Banyaside A","0.361219002091425"
"371","0","Cyanopeptolin CP1020","0.639158035415971"
"372","0","Cyanopeptolin CP990","0.678886147338738"
"373","1","Carbamidocyclophane D","0.456521739130435"
"374","1","Carbamidocyclophane E","0.485576923076923"
"375","1","Carbamidocyclophane C","0.447789878283152"
"376","1","Nostocyclyne A","0.25"
"377","1","Merocyclophane B","0.437005039596832"
"378","1","Merocyclophane C","0.411598302687412"
"379","1","Merocyclophane A","0.434017595307918"
"380","1","Cylindrocyclophane C1","0.432489451476793"
"381","1","Cylindrocyclophane C2","0.425925925925926"
"382","1","Ribocyclophane C","0.444645006016847"
"383","1","Carbamidocyclophane M","0.44983606557377"
"384","1","Carbamidocyclophane R","0.485887096774194"
"385","1","Carbamidocyclophane O","0.434920634920635"
"386","1","Carbamidocyclophane S","0.470358306188925"
"387","1","Ribocyclophane D","0.472238805970149"
"388","1","Ribocyclophane A","0.360739030023095"
"389","1","Cylindrocyclophane A1","0.430832759807295"
"390","1","Ribocyclophane B","0.43417203042715"
"391","1","Cylindrocyclophane A2","0.423205902079141"
"392","1","Nostocyclophane D","0.441576086956522"
"393","1","Nostocyclophane A","0.30114566284779"
"394","1","Nostocyclophane B","0.388830897703549"
"395","1","Nostocyclophane C","0.418144611186903"
"396","1","Ribocyclophane E","0.652795031055901"
"397","0","Cyanopeptolin CP962","0.666306306306306"
"398","1","Cyanopeptolin CP969","0.718903036238981"
"399","0","Cyanopeptolin CP985","0.723510524438102"
"400","1","Nostopeptolide A1","0.542929877343208"
"401","1","Nostopeptolide A3","0.542929877343208"
"402","0","Cyanopeptolin 992","0.672783933518006"
"403","0","Cyanopeptolin CP992","0.636769759450172"
"404","0","Cyanopeptolin CP978","0.642651296829971"
"405","1","Cyanopeptolin CP999","0.687792694349048"
"406","1","Cryptophycin 50","0.356017191977077"
"407","1","Cryptophycin 49","0.381913303437967"
"408","0","Nostocyclin","0.619022595901209"
"409","1","Cryptophycin 46","0.357962697274032"
"410","1","Banyasin A","0.489417989417989"
"411","0","4-hydroxy-7-methyl-1-indanone","0.133971291866029"
"412","1","4,5-dihydroxy-1-methyl-anthraquinone","0.113835376532399"
"413","0","Muscoride A","0.241379310344828"
"414","0","Cryptophycin 54","0.345339936965331"
"415","1","Cryptophycin 18","0.362850971922246"
"416","1","Cryptophycin 21","0.341601700921332"
"417","1","Nostoclide 2","0.19438444924406"
"418","0","Nostoclide 1","0.173591874422899"
"419","0","deprenylmuscoride A","0.237362637362637"
"420","0","[D-Asp3,ADMAdda5,(E/Z)-Dhb7]MC-RR","0.760374832663989"
"421","0","[D-Asp3,ADMAdda5,(E/Z)-Dhb7]MC-HtyR","0.690371671056482"
"422","0","[D-Asp3,ADMAdda5,(E/Z)-Dhb7]MC-LR","0.792643346556076"
"423","0","[D-Asp3,ADMAdda5,Dha7]MC-LR","0.812545587162655"
"424","0","[D-Asp3,ADMAdda5,Dha7]MC-HilR","0.840429470566457"
"425","0","[D-Asp<U+00B3>,ADMAdda5]MC-VR","0.737342847434591"
"426","0","[ADMAdda5]MC-YR","0.701826753093695"
"427","0","[ADMAdda5,Dha7]MC-LR","0.783793347487615"
"428","0","[ADMAdda5]MC-HilR","0.759158751696065"
"429","0","[D-Asp3,ADMAdda5]MC-LHar","0.733585424544517"
"430","0","[ADMAdda5]MC-HilHar","0.704471808165911"
"431","0","7-OMe-scytophycin B","0.268698060941828"
"432","0","6-OH-7-Ome-15-O-deMe-scytophycin B","0.278436845778088"
"433","0","7-OMe-19-deMe-scytophycin D/E","0.283556072051133"
"434","0","Nostotrebin 6","0.144674085850556"
"435","1","Nostocarboline","0.166666666666667"
"436","1","Carbamidocyclophane B","0.407678244972578"
"437","1","Carbamidocyclophane A","0.391278727165586"
"438","1","Cylindrocyclophane C3","0.393302692055154"
"439","1","Cylindrocyclophane C4","0.377862595419847"
"440","1","Carbamidocyclophane N","0.403726708074534"
"441","1","Carbamidocyclophane P","0.395770392749245"
"442","1","Carbamidocyclophane Q","0.37989479836353"
"443","1","Carbamidocyclophane G","0.416316736652669"
"444","1","Carbamidocyclophane F","0.427184466019417"
"445","1","Cylindrocyclophane A3","0.389352148813342"
"446","1","Cylindrocyclophane A4","0.373291925465839"
"447","1","Carbamidocyclophane T","0.432835820895522"
"448","1","Carbamidocyclophane U","0.413461538461538"
"449","1","Cylindrocyclophane B4","0.359778597785978"
"450","1","Cylindrocyclophane F4","0.372574385510996"
"451","0","Tenuecyclamide C","0.49469964664311"
"452","0","Tenuecyclamide D","0.44988864142539"
"453","0","Nostocyclamide M","0.49469964664311"
"454","0","Nostocyclamide","0.544581618655693"
"455","0","Tenuecyclamide A","0.467828418230563"
"456","1","Cryptophycin 7","0.242397137745975"
"457","1","Cryptophycin 6","0.285043069694597"
"458","0","[D-Asp3,ADMAdda5]MC-LR","0.715913013462202"
"459","0","[ADMAdda5]MC-LR","0.67762527928503"
"460","0","Cryptophycin 5","0.347670250896057"
"461","1","Cryptophycin 29","0.368615840118431"
"462","0","Cybastacine A","0.26536312849162"
"463","1","Cryptophycin 26","0.363155108523028"
"464","1","Cryptophycin 30","0.377398720682303"
"465","0","Cryptophycin 327","0.339309726580009"
"466","1","Cryptophycin 40","0.349251603706344"
"467","1","Cryptophycin 28","0.366592756836659"
"468","0","Cryptophycin 38","0.339309726580009"
"469","1","Cryptophycin 2","0.342175066312997"
"470","1","Cryptophycin 16","0.355046528274875"
"471","0","Cryptophycin 31","0.329223744292237"
"472","1","Cryptophycin 23","0.340248962655602"
"473","1","Cryptophycin 4","0.36055923473142"
"474","1","Cryptophycin 43","0.390070921985816"
"475","1","Cryptophycin 17","0.385736196319018"
"476","1","Cryptophycin 175","0.341176470588235"
"477","1","Cryptophycin 45","0.366051660516605"
"478","1","Cryptophycin 19","0.345495160089352"
"479","0","Cryptophycin 1","0.339309726580009"
"480","1","Cryptophycin 3","0.357962697274032"
"481","1","Merocyclophane D","0.382892057026477"
"482","0","Noscomin","0.448598130841121"
"483","0","Comnostin E","0.54228855721393"
"484","0","Comnostin A","0.576271186440678"
"485","0","Comnostin B","0.519607843137255"
"486","0","Comnostin D","0.478386167146974"
"487","0","Comnostin C","0.547504025764895"
"488","0","8-[(5-carboxy-2,9-epoxy)benzyl]-2,5-dihydroxy-1,1,4a,7,8-pentamethyl-1,2,3,4,4a,6,7,8,9,10,10a-dodecahydrophenanthrene","0.396802325581395"
"489","0","Nosperin","0.268450932684509"
"490","0","Tenuecyclamide B","0.467828418230563"
"491","0","Nostoweipeptin W3","0.546372819100092"
"492","1","Nostoweipeptin W2","0.547280334728034"
"493","0","Nostoweipeptin W5","0.545701973236562"
"494","0","Nostoweipeptin W4","0.54921573084792"
"495","0","Nostoweipeptin W1","0.545230631437528"
"496","1","Cryptophycin 10","0.308276385725133"
"497","0","[D-Asp<U+00B3>,DMAdda5]MC-LR","0.796578653774637"
"498","0","[DMAdda5]MC-FR","0.705479452054795"
"499","0","[DMAdda5]MC-HilR","0.765129682997118"
"500","0","[Mdhb7]MC-LR","0.736897274633124"
"501","0","[DMAdda5]MC-LHar","0.700307902839548"
"502","1","Cryptophycin G","0.266386554621849"
"503","0","Swinholide A","0.232588699080158"
"504","1","Cryptophycin 24","0.34570596797671"
"505","1","Cryptophycin 176","0.36962962962963"
"506","1","Cryptophycin 326","0.325581395348837"
"507","0","Glucosylsucrose derivative 4","0.187694434842724"
"508","0","Glucosylsucrose derivative 3","0.20479302832244"
"509","0","Glucosylsucrose derivative 2","0.208401527550464"
"510","1","Glucosylsucrose","0.219094247246022"
"511","0","Nostopeptolide L4","0.538365173817726"
"512","0","Nostopeptolide L2","0.543653250773994"
"513","0","Nostopeptolide L3","0.549409571162213"
"514","0","Nostopeptolide L1","0.553556827473426"
"515","0","Borophycin","0.260405916752666"
"516","1","Spumigin 640","0.589887640449438"
"517","1","Spumigin 638","0.642620232172471"
"518","1","Spumigin 652","0.684954280964256"
"519","1","Spumigin 654","0.606180665610143"
"520","1","Spumigin 574","0.514059753954306"
"521","0","Spumigin I","0.553211009174312"
"522","1","Spumigin 582b","0.693533270852858"
"523","1","Spumigin 582a","0.554185022026432"
"524","1","Spumigin C","0.664028144239226"
"525","1","Spumigin B1","0.725490196078431"
"526","1","Spumigin B2","0.725490196078431"
"527","1","Spumigin D","0.63339222614841"
"528","1","Spumigin H","0.731108930323847"
"529","1","Spumigin F","0.736150234741784"
"530","1","Oscillatoxin","0.646315789473684"
"531","1","Aeruginosin NOL7","0.474544311753614"
"532","1","Aeruginosin NOL2","0.734672304439746"
"533","1","Nodulapeptin 863","0.868577075098814"
"534","1","Nodulapeptin 883b","0.691341991341991"
"535","1","Nodulapeptin 849","0.834812623274162"
"536","1","Nodulapeptin 855b","0.904266958424508"
"537","1","Nodulapeptin 821","0.818273599192327"
"538","1","Nodulapeptin 807","0.772"
"539","1","Nodulapeptin 885","0.688839285714286"
"540","1","Nodulapeptin 851","0.833927661742231"
"541","1","Nodulapeptin 915b","0.713210702341137"
"542","1","Nodulapeptin 823","0.82935500253936"
"543","1","Nodulapeptin 915a","0.881153654898061"
"544","1","Anabaenopeptin 931","0.83495145631068"
"545","1","Anabaenopeptin 933","0.711149375807146"
"546","1","Anabaenopeptin 807","0.838226827864134"
"547","1","Aeruginosin NOL4","0.725883476599809"
"548","1","Aeruginosin NAL3","0.754368932038835"
"549","1","Aeruginosin NOL6","0.504704301075269"
"550","1","Aeruginosin NAL4","0.535665294924554"
"551","1","Aeruginosin NOL5","0.568281938325991"
"552","1","Pseudoaeruginosin NS1","0.615702479338843"
"553","0","Suomilide","0.366294067067928"
"554","1","Aeruginosin NAL1","0.71294363256785"
"555","1","Nodulapeptin B","0.910009624639076"
"556","1","Nodulapeptin A","0.834849863512284"
"557","1","Aeruginosin NOL1","0.678111587982833"
"558","0","Nodulapeptin 899","0.725898692810457"
"559","1","Nodulapeptin 901","0.735673034207019"
"560","1","Nodulapeptin 917","0.697390572390572"
"561","1","Spumigin A","0.701438848920863"
"562","1","Pseudoaeruginosin NS2","0.646315789473684"
"563","0","L-Phe-D-MeAsp(beta)-L-Arg-Adda-D-Glu(gamma)-Mdha-D-Ala-OH","0.519791967639411"
"564","0","L-Leu-D-MeAsp(beta)-L-Arg-Adda-D-Glu(gamma)-Mdha-D-Ala-OH","0.525726392251816"
"565","0","[DMAdda3]NOD-R","0.559155990957046"
"566","0","[6(Z)-Adda3]NOD-R","0.535871156661786"
"567","0","[Glu4(OMe)]NOD-R","0.513696193525436"
"568","0","[dhb5]NOD-R","0.566830745929572"
"569","0","[D-Asp1]NOD-R","0.532592592592593"
"570","0","Nodularin-R","0.535871156661786"
"571","0","Linear Nodularin-R","0.422744555824404"
"572","0","Cyanopeptolin 1054 MB2","0.630551816958277"
"573","0","Cyanopeptolin 1006D","0.64607118871726"
"574","1","Micropeptin KT554","0.58348623853211"
"575","0","Aeruginosin KB676","0.48906439854192"
"576","0","Aeruginosin LH650","0.484604105571848"
"577","1","Aeruginosin DA495A","0.453080568720379"
"578","0","Aeruginosin TR642","0.486486486486487"
"579","0","Aeruginosin 670","0.469521044992743"
"580","0","Aeruginosin DA688","0.773778920308483"
"581","1","11beta-hydroxy-N21-sulfocarbamoylsaxitoxin","0.152145643693108"
"582","1","11-11-dihydroxy-N21-sulfocarbamoylsaxitoxin","0.16"
"583","0","Microginin 757","0.443874278383579"
"584","1","Microginin 767","0.451418744625967"
"585","1","Microginin FR8","0.446478873239437"
"586","0","Microginin 757B","0.456032719836401"
"587","1","Microginin 764","0.464222614840989"
"588","1","Microginin FR6","0.450024378352023"
"589","1","Microginin FR9","0.443820224719101"
"590","1","Microginin FR5","0.445818901533894"
"591","0","Microginin FR10","0.448125544899738"
"592","0","Nodularin-R-Cys","0.551088777219431"
"593","1","Decarbamoylneosaxitoxin","0.179310344827586"
"594","1","Cyanopeptolin 1001","0.65938864628821"
"595","1","Cyanopeptolin 1025","0.637954701441318"
"596","1","Cyanopeptolin 1011","0.65411681914145"
"597","1","Cyanopeptolin 997 A","0.692251461988304"
"598","1","Cyanopeptolin 997 C","0.678144255164915"
"599","1","Cyanopeptolin 1032","0.65005265005265"
"600","1","Cyanopeptolin 1017","0.664868752247393"
"601","1","Cyanopeptolin 1003","0.673394495412844"
"602","1","Cyanopeptolin 997 B","0.67027417027417"
"603","1","Cyanopeptolin 983","0.683899556868538"
"604","1","Gadusol","0.29064039408867"
"605","0","Cyanopeptolin 1054 MB1","0.638367884172425"
"606","0","Cryptophycin 63","0.355263157894737"
"607","0","[epoxyAdda5]MC-LR","0.705922165820643"
"608","0","[seco-1/2]MC-HilR","0.637732222934017"
"609","0","Aeruginosin 848","0.424148606811146"
"610","0","Aeruginosin 736","0.532759761747187"
"611","0","Aeruginosin 850","0.439749608763693"
"612","0","Aeruginosin 822","0.468333333333333"
"613","0","Aeruginosin 752","0.504447268106734"
"614","0","Aeruginosin 892","0.413590893411521"
"615","0","Aeruginosin 878B","0.420611439842209"
"616","0","Aeruginosin 836","0.460789616008653"
"617","0","Aeruginosin 766","0.49721706864564"
"618","0","Aeruginosin 878A","0.411678295997062"
"619","0","Cyanopeptolin 959","0.604006163328197"
"620","0","Cyanopeptolin 1014","0.700180831826401"
"621","0","Cyanopeptolin 1034","0.614727153188692"
"622","0","Cyanopeptolin 1000A","0.707015630679753"
"623","0","Cyanopeptolin 920","0.638029782359679"
"624","0","Cyanopeptolin 1063","0.667154138637028"
"625","1","Cryptophycin 107","0.349251603706344"
"626","0","[Gly1,D-Asp3,(E/Z)-Dhb7]MC-LHar","0.75764192139738"
"627","0","Cyanopeptolin 986","0.746457296055151"
"628","0","[Dhb7]MC-YR","0.704029082096334"
"629","0","[Dha7]MC-RY","0.697674418604651"
"630","1","Microginin 715","0.426871591472484"
"631","1","Microginin 715","0.426871591472484"
"632","1","Wainunuamide","0.522549869904597"
"633","0","Cl-Cyanopeptolin W","0.59755291005291"
"634","1","Cyanopeptolin 1009","0.566475731082303"
"635","0","Bistratamide K","0.523333333333333"
"636","0","Bistratamide N","0.586301369863014"
"637","1","Microphycin KB921","0.571794871794872"
"638","1","Microviridin M","0.65668945942459"
"639","0","[D-Leu1,Ser7]MC-HtyR","0.668994837534163"
"640","0","[Ser7]MC-YR","0.685612211757064"
"641","0","Bistratamide M","0.586301369863014"
"642","0","[D-Leu1,Mdha-GluCys7]MC-LR","0.557475401967843"
"643","0","[Mdha-NAcCys7]MC-RR","0.688950276243094"
"644","0","[D-Leu1,Mdha-Cys7]MC-LR","0.641509433962264"
"645","0","[Mdha-Cys7]MC-RR","0.686784832847207"
"646","0","[Mdha-Cys7]MC-YR","0.63383637807784"
"647","0","[Mdha-Cys7]MC-LR","0.679828588919498"
"648","1","[D-Leu1,Mdha-GSH7]MC-LR","0.526533684606699"
"649","0","[Mdha-GSH7]MC-RR","0.563672922252011"
"650","0","[Mdha-GSH7]MC-YR","0.522372528616025"
"651","0","[Mdha-GSH7]MC-LR","0.552297390902794"
"652","0","[D-Leu1,Mdha-GluCys(O)7]MC-LR","0.546052631578947"
"653","0","[D-Leu1,Mdha-Cys(O)7]MC-LR","0.63000852514919"
"654","1","[D-Leu1,Mdha-GS(O)H7]MC-LR","0.526981764049125"
"655","1","Microginin 711","0.434065934065934"
"656","0","[D-Asp3,D-MeO-Glu6]MC-RR","0.760950764006791"
"657","0","[(6Z)-Adda5]MC-RR","0.78213058419244"
"658","0","MC-MhtyR","0.695333137657763"
"659","0","[D-Asp3]MC-RHar","0.760950764006791"
"660","0","MC-HarHar","0.70338441890166"
"661","0","[D-Asp<U+00B3>,ADMAdda5]MC-RR","0.774030354131535"
"662","0","[ADMAdda5]MC-RR","0.746317512274959"
"663","0","[ADMAdda5]MC-RHar","0.708556994000632"
"664","0","[D-Ser1]MC-LA","0.687638786084382"
"665","0","[D-Leu1,Adda(OH)5]MC-LR","0.731402238314681"
"666","0","[D-Leu1,Adda(O)5]MC-LR","0.734256511704583"
"667","0","[D-Leu1,dmAdda5]MC-LR (isomer 1)","0.745051194539249"
"668","0","[D-Leu1,D-Asp<U+00B3>]MC-HphR","0.73245350929814"
"669","0","[D-Leu1]MC-MR","0.740852635112454"
"670","0","[D-Leu1]MC-M(O2)R","0.717779868297272"
"671","0","[D-Leu1]MC-HtyR","0.70823732718894"
"672","0","[D-Leu1]MC-FR","0.697834954502667"
"673","0","[D-Leu1]MC-LHar","0.70061429033301"
"674","0","[D-Leu1,D-Asp<U+00B3>,ADMAdda5]MC-LR","0.755088421755088"
"675","0","[D-Leu1,ADMAdda5]MC-LR","0.72041277007417"
"676","0","[D-Leu1,ADMAdda5]MC-LHar","0.675232198142415"
"677","0","[D-Hil1]MC-LR","0.76510067114094"
"678","0","[D-MeO-Glu6]MC-FR","0.68697883258499"
"679","0","[dm(1)Adda5]MC-LR","0.765350877192982"
"680","0","[dm(1)Adda5]MC-(H4)YR (isomer 1)","0.7184779103515"
"681","0","MC-M(O)R","0.75728813559322"
"682","0","MC-WR","0.717232624563631"
"683","0","[Me-Ala1]MC-LR","0.793290043290043"
"684","0","MC-RF","0.713504823151125"
"685","0","MC-RY","0.717418944691672"
"686","0","MC-RY(OMe)","0.697951696728829"
"687","0","MC-LNfk","0.624257580493904"
"688","0","[D-Asp<U+00B3>,ADMAdda5]MC-HphR","0.738865161683954"
"689","0","[seco-1/2]MC-FR","0.608981693363844"
"690","0","[NMe-Ser7]MC-RY","0.672671755725191"
"691","0","[NMe-Ser7]MC-LA","0.6268446943078"
"692","1","Nodulapeptin 865","0.834844868735084"
"693","1","Nodulapeptin 867","0.839980544747082"
"694","1","Nodulapeptin 883c","0.858476658476658"
"695","0","(-)Psymbamide A","0.809182209469154"
"696","0","Anabaenopeptin 906B1","0.681720430107527"
"697","0","Anabaenopeptin B1","0.728861596598961"
"698","0","[D-Asp<U+00B3>,Dhb7]MC-RY","0.703679369250986"
"699","0","[D-Asp3,ADMAdda5,Thr7]MC-LR","0.763903462749213"
"700","0","MC-(H4)YR","0.745189117451891"
"701","1","2,3-Epoxyhomoanatoxin-a","0.140151515151515"
"702","1","trans-Dihydrohomoanatoxin-a","0.132275132275132"
"703","0","Cyanopeptolin 911","0.610721649484536"
"704","0","Cryptophycin 65","0.36149668074834"
"705","1","Aeruginosin KT608A","0.592592592592593"
"706","0","Seco[D-Asp3]microcystin-RR","0.657398529881751"
"707","1","Anabaenopeptin KB906","0.737855579868709"
"708","0","Anabaenopeptin KB899","0.722776572668113"
"709","0","Anabaenopeptin KT864","0.700639853747715"
"710","0","Dysinosin B","0.32809871003926"
"711","0","Aeruginosin DA642B","0.56575682382134"
"712","0","Micropeptin T1","0.682642487046632"
"713","0","Micropeptin T20-PO3","0.590715804394047"
"714","1","Micropeptin T20","0.63508064516129"
"715","0","Aeruginosin DA642A","0.56575682382134"
"716","0","[dm(1)Adda5]MC-(H4)YR (isomer 2)","0.711609233857477"
"717","1","Cryptophycin 66","0.319131832797428"
"718","1","Microginin FR4","0.45285784074255"
"719","1","Microginin FR3","0.445103857566766"
"720","1","Cryptophycin 14","0.332780082987552"
"721","1","Palythinol","0.594142259414226"
"722","0","Aeruginosin 794A","0.453317674691721"
"723","0","Dysinosin C","0.372918175235337"
"724","0","Dysinosin D","0.380913539967374"
"725","0","Dysinosin A","0.396017699115044"
"726","0","Aeruginosin 748A","0.456603773584906"
"727","1","12alpha-Deoxydecarbamoylsaxitoxin","0.158490566037736"
"728","0","Aeruginoside 126B","0.530742049469965"
"729","0","Microginin KR638","0.450196078431373"
"730","1","Microginin KR801","0.435056179775281"
"731","1","Microginin KR787","0.421195652173913"
"732","0","Microginin KR604","0.455278001611604"
"733","1","Microginin KR767","0.446428571428571"
"734","0","Microginin KR835","0.42351598173516"
"735","1","Mycosporine-glycine-valine","0.428115015974441"
"736","1","Mycosporine-glutamic acid-glycine","0.413105413105413"
"737","1","M5","0.161004431314623"
"738","1","Microginin T1","0.41219872110182"
"739","1","Microginin T2","0.420443101711984"
"740","0","Microginin 683","0.433526011560694"
"741","0","Microginin 717","0.443396226415094"
"742","0","Microginin 747B","0.414340101522843"
"743","0","Microginin 568","0.508256880733945"
"744","0","Microginin 598","0.530195381882771"
"745","0","Microginin 747A","0.416666666666667"
"746","1","Microginin 765","0.4021113243762"
"747","1","Microginin 761B","0.434453383814482"
"748","1","Microginin 761A","0.422336931018301"
"749","1","Microginin 791","0.442758620689655"
"750","0","Microginin 576","0.43455497382199"
"751","0","Microginin 725","0.421125781792912"
"752","0","Deoxygadusol","0.368131868131868"
"753","1","Prenostodione","0.178736517719569"
"754","1","beta-amino-N-methylalanine","0.191489361702128"
"755","1","Isodolastatin H","0.338213762811127"
"756","1","Palmyrolide A","0.205020920502092"
"757","0","Aeruginosin IN608","0.666080843585237"
"758","0","Aeruginosin KY642","0.636824324324324"
"759","0","Aeruginosin GE642","0.595061728395062"
"760","0","Aeruginosin GE686","0.692576419213974"
"761","0","Aeruginosin GE766","0.880888888888889"
"762","0","Aeruginosin KY608","0.717391304347826"
"763","0","Aeruginosin DA722","0.690095846645367"
"764","1","Trichophycin B","0.293040293040293"
"765","1","Trichotoxin A","0.281976744186047"
"766","0","Trichophycin E","0.174468085106383"
"767","0","Trichophycin D","0.180616740088106"
"768","1","Trichophycin C","0.241299303944316"
"769","1","Trichothiazole A","0.160220994475138"
"770","1","Trichophycin F","0.233676975945017"
"771","0","Lyngbyabellin M","0.248633879781421"
"772","0","Sulfoquinovosyldiacylglycerol","0.336874051593323"
"773","1","Malyngamide P","0.218521527213647"
"774","1","Malyngamide O","0.2199203187251"
"775","0","Microginin 649","0.444021325209444"
"776","0","Microginin 739B","0.426411738550467"
"777","0","Microginin 606A","0.463900414937759"
"778","0","Microginin 729","0.456058588548602"
"779","0","Microginin 550","0.517045454545455"
"780","0","Microginin 534","0.505293551491819"
"781","1","Microginin 713B","0.43108504398827"
"782","1","Microginin 741B","0.433253012048193"
"783","0","Microginin 580","0.579887218045113"
"784","0","Microginin 620B","0.483579638752053"
"785","0","Microginin 578A","0.499553969669938"
"786","0","Microginin 743","0.449868073878628"
"787","0","Microginin 741A","0.441797752808989"
"788","0","Microginin 771","0.430788330229671"
"789","0","Microginin 590B","0.471794871794872"
"790","0","Microginin 620A","0.452572347266881"
"791","0","Microginin 606B","0.488607594936709"
"792","0","Microginin 755B","0.431279620853081"
"793","0","Microginin 741C","0.417986067131096"
"794","0","Microginin 578C","0.442918454935622"
"795","1","Microginin FR1","0.432211538461538"
"796","0","Cyanostatin B","0.431896551724138"
"797","0","Cyanostatin A","0.481707317073171"
"798","0","Trichormamide A","0.542568039078856"
"799","0","Cyanopeptolin 1007","0.683147632311978"
"800","0","Micropeptin SF995","0.699706314243759"
"801","0","Micropeptin T2","0.635349780331193"
"802","0","Cyanopeptolin 1041","0.659113966858302"
"803","0","Cyanopeptolin 972","0.797838270616493"
"804","0","Microginin SD755","0.438718059766133"
"805","0","Kempopeptin C","0.65"
"806","0","Aeruginosin 596A","0.440156599552573"
"807","0","Aeruginosin 596B","0.460578559273965"
"808","0","Somamide B","0.636065573770492"
"809","0","Chlorophyll a","0.26817826426896"
"810","1","Medusamide A","0.411371237458194"
"811","1","Kulokekahilide 1","0.487294950144741"
"812","1","Pembamide","0.349170918367347"
"813","1","Ferintoic acid B","0.749664128974474"
"814","1","(E)-Dehydroapratoxin A","0.388665447897623"
"815","0","Cryptophycin 9","0.356073943661972"
"816","0","Cryptophycin 77","0.339309726580009"
"817","1","Cryptophycin 8","0.342354533152909"
"818","0","Cryptophycin 292","0.324890829694323"
"819","0","Cryptophycin 309","0.342202210397053"
"820","1","Cryptophycin 296","0.326703132769766"
"821","0","Dysideaproline B","0.222732491389208"
"822","0","Aerucyclamide DSO2","0.448551448551449"
"823","0","Lyngbyabellin K","0.313868613138686"
"824","0","Microviridin N1","0.742391770252893"
"825","0","Bistratamide H","0.531914893617021"
"826","0","Bistratamide G","0.511918274687855"
"827","1","Aeruginopeptin 917SC","0.670411985018727"
"828","0","Patellamide D","0.390688259109312"
"829","0","Cyanopeptolin SS","0.637670740474479"
"830","0","Micropeptin SF909","0.651492537313433"
"831","1","Anabaenopeptin T","0.769770706598035"
"832","0","Grassystatin E","0.488529411764706"
"833","0","Grassystatin F","0.478514202476329"
"834","0","Grassystatin D","0.484655471916618"
"835","0","Aeruginopeptin 917SB","0.641758834637173"
"836","0","Microphycin AL828","0.543934847835405"
"837","0","Cyanopeptolin S","0.645522388059702"
"838","0","Anabaenopeptin MM913","0.715257118572036"
"839","0","Kulokekahilide 2","0.474436090225564"
"840","0","Georgamide","0.470839813374806"
"841","1","Symplostatin 4","0.289080911233307"
"842","1","Apratoxin S9","0.407187847350871"
"843","1","Apratoxin S4","0.407187847350871"
"844","1","Apratoxin S8","0.391053391053391"
"845","1","Apratoxin S7","0.402173913043478"
"846","1","Aurilide A","0.435925125989921"
"847","0","Nodularin-R-GSH","0.561969904240766"
"848","0","Dolastatin E","0.637906647807638"
"849","0","Barbaleucamide A","0.130184331797235"
"850","0","Dysideaproline F","0.198573127229489"
"851","0","Dysideaproline A","0.201856148491879"
"852","0","Aeruginoside 126A","0.466968911917098"
"853","1","Cryptophycin 53","0.329781836631152"
"854","1","Cryptophycin 51","0.334710743801653"
"855","1","Cryptophycin 55","0.332001997004493"
"856","0","Dysideaproline E","0.206642066420664"
"857","0","Dysideaproline D","0.212608158220025"
"858","0","[D-Leu1,dmAdda5]MC-LR (isomer 2)","0.739707383463763"
"859","0","Aeruginosin DA495B","0.495403472931563"
"860","0","[dm(2)Adda5]MC-LR","0.757532281205165"
"861","1","Makalika ester","0.196382428940568"
"862","1","Makalikone ester","0.202272727272727"
"863","0","Dysideaproline C","0.211538461538462"
"864","0","Micropeptin KT636","0.268980477223427"
"865","0","Microguanidine AL772","0.309755149630781"
"866","1","23-Ac-tolytoxin A","0.287060301507538"
"867","1","Aeruginosin KT650","0.560431100846805"
"868","1","Aeruginosin GH553","0.450420168067227"
"869","0","[Gly1,D-Asp3,ADMAdda5]MC-LR","0.794871794871795"
"870","0","[Gly1,D-Asp3,ADMAdda5]MC-LHar","0.732659463227605"
"871","0","[Gly1,D-Asp3,ADMAdda5,Dhb7]MC-RR","0.713813615333774"
"872","0","[Gly1,D-Asp3,ADMAdda5,Dhb7]MC-RHar","0.677295918367347"
"873","0","[Gly1,D-Asp3,ADMAdda5,(E/Z)-Dhb7]MC-LHar","0.725442554668518"
"874","0","[Gly1,D-Asp<U+00B3>,ADMAdda5,Dhb7]MC-LR","0.789627465303141"
"875","1","trans-Dihydroanatoxin-a","0.117924528301887"
"876","0","Dolabellin","0.284200385356455"
"877","1","Microcin SF608","0.592592592592593"
"878","1","Aeruginosin KT608B","0.592592592592593"
"879","0","Aeruginosin DA511","0.467120181405896"
"880","0","Pheophytin a","0.26817826426896"
"881","0","Bistratamide C","0.546753246753247"
"882","0","Anabaenopeptin MM850","0.843828715365239"
"883","1","Ferintoic acid A","0.733730522456462"
"884","0","Anabaenopeptin MM823","0.72479298587433"
"885","1","Decarbamoyloxylgonyautoxin-2","0.135593220338983"
"886","0","Jizanpeptin D","0.613107822410148"
"887","0","Jizanpeptin C","0.603562882212178"
"888","0","Jizanpeptin B","0.603562882212178"
"889","1","Jizanpeptin A","0.593559322033898"
"890","0","Jizanpeptin E","0.582554517133956"
"891","0","Hoiamide D","0.248099516240498"
"892","0","Nodularin-R-phenylglyoxal (IIb)","0.550551470588235"
"893","0","Nodularin-R-phenylglyoxal (IIa)","0.55342375124049"
"894","0","Nodularin-R-phenylglyoxal (IIc)","0.521024967148489"
"895","0","Bistratamide J","0.532183908045977"
"896","0","Bistratamide I","0.588796185935638"
"897","0","Cryptophycin 13","0.348595848595849"
"898","1","Somamide A","0.612578616352201"
"899","0","Bistratamide B","0.511576626240353"
"900","0","Bistratamide A","0.504939626783754"
"901","0","Bistratamide E","0.601977750309023"
"902","0","Bistratamide D","0.572609208972845"
"903","0","Bistratamide F","0.550239234449761"
"904","0","Bistratamide L","0.523333333333333"
"905","1","Largamide D oxazolidine","0.585220838052095"
"906","0","Trichotoxin B","0.177664974619289"
"907","1","Tricholactone","0.1796875"
"908","1","(2S,4S)-5,5-dichloroleucine","0.0610328638497653"
"909","0","Microginin AL584","0.590457256461233"
"910","0","[Gly1,D-Asp3]MC-RR","0.768151525780428"
"911","0","[D-Asp3,Ser7]MC-RR","0.732046070460705"
"912","0","[D-Asp<U+00B3>,Dhb7]MC-AhaR","0.78311499272198"
"913","0","[D-Asp3]MC-YR","0.753870458135861"
"914","0","[Gly1,D-Asp3]MC-LR","0.837580829212628"
"915","0","[D-Leu1,D-Asp3]MC-LR","0.790893169877408"
"916","0","[D-Leu1,D-Asp<U+00B3>,DMAdda5]MC-LR","0.753391304347826"
"917","0","[Asp<U+00B3>,DMAdda5,Dhb7]MC-LR","0.808203570072161"
"918","0","[DMAdda5]MC-RR","0.749230242901129"
"919","0","[D-Ser1]MC-LR","0.795867474171714"
"920","0","[D-Aba1]MC-LR","0.79522792022792"
"921","0","[D-Leu1,DMAdda5]MC-LR","0.720969370582295"
"922","0","[D-Glu(OCH2CH(CH3)OH)6]MC-LR","0.728847435043305"
"923","0","MC-HilR","0.793290043290043"
"924","0","MC-AR","0.740333451578574"
"925","0","[NMe-Ser7]MC-(H4)YR","0.694188631311527"
"926","0","[Gly1,D-Asp3]MC-RHar","0.720390309555855"
"927","0","[Gly1,D-Asp3]MC-LHar","0.76195613088817"
"928","0","MC-AHar","0.701676359904208"
"929","0","[NMe-Ser7]MC-LR","0.671486213853396"
"930","0","[Asp<U+00B3>,DMAdda5]MC-RY","0.707047742773628"
"931","0","MC-AW","0.635963427023366"
"932","0","[D-Asp3]MC-HarAba","0.742206654991243"
"933","0","MC-YAba","0.659836065573771"
"934","0","MC-RL","0.717090440939813"
"935","0","MC-LL","0.642413793103448"
"936","0","MC-(H4)Y(H4)Y","0.625320786997434"
"937","0","[DMAdda5]MC-LA","0.610952040085898"
"938","0","[Gly1,D-Asp3,Dhb7]MC-RR","0.755222841225627"
"939","0","[Gly1,D-Asp<U+00B3>,Dhb7]MC-Rhar","0.710033444816053"
"940","0","[Gly1,D-Asp3,Dhb7]MC-LR","0.843919442292796"
"941","0","MC-RApa","0.701680672268908"
"942","0","[L-MeAbu]NOD-R","0.600305110602593"
"943","0","[D-MeAbu]NOD-R","0.600305110602593"
"944","0","Nodularin-V","0.483733539891557"
"945","1","Kulomo<U+0092>opunalide 2","0.342660022997317"
"946","1","Kulomo<U+0092>opunalide 1","0.359219586840092"
"947","0","Aeruginosin IN652","0.666080843585237"
"948","0","Aeruginosin GE730","0.692576419213974"
"949","0","Aeruginosin GE810","0.880888888888889"
"950","1","Cryptophycin 338","0.328004125838061"
"951","0","Oscillatoxin G","0.278822567457073"
"952","0","Kakeromamide A","0.421940928270042"
"953","1","Apratyramide","0.40455396132252"
"954","0","Columbamide D","0.277217741935484"
"955","0","Columbamide E","0.26824644549763"
"956","0","Oscillatoxin H","0.290423861852433"
"957","1","Oscillatoxin I","0.264031234748658"
"958","1","Mooreamide A","0.185483870967742"
"959","0","17-bromo-30-methyloscillatoxin D","0.274476987447699"
"960","1","Microseiramide","0.523402113739305"
"961","1","Microspinosamide","0.453154362416107"
"962","0","[seco-4/5]MC-LR","0.470221213840045"
"963","0","Micropeptin 973","0.718325791855204"
"964","0","MC-AhppaR","0.729341317365269"
"965","0","MC-AhppaAhppa","0.623709820112061"
"966","0","MC-HtyAhppa","0.645043952712943"
"967","1","Microviridin 1777","0.821621621621622"
"968","0","MC-KynA","0.643197278911565"
"969","1","Microviridin J","0.720932790672093"
"970","0","MC-FL","0.643197278911565"
"971","0","Aeruginosin LH606","0.518032786885246"
"972","0","Aeruginosin 602","0.624892703862661"
"973","1","Microviridin SD1634","0.709545070592494"
"974","0","Piricyclamide ILGEGEGWNYNP+prenyl","0.56877444589309"
"975","1","Piricyclamide TLGCMNGTERCLGLP","0.505408653846154"
"976","0","Piricyclamide 7005E3-M(O)","0.532005225342913"
"977","0","Piricyclamide 7005E3","0.533168316831683"
"978","1","Piricyclamide 7005E4","0.56096633060681"
"979","0","Piricyclamide SQWGWRGLSDP","0.538435940099834"
"980","0","Piricyclamide 7005E1","0.49780526735834"
"981","0","Piricyclamide 7005E1-M(O)","0.5048582193139"
"982","0","Piricyclamide 7005E2","0.505154639175258"
"983","1","Microginin FR2","0.45285784074255"
"984","0","[seco-1/2]MC-LR","0.640052787858792"
"985","0","Cyanopeptolin 1068","0.643916913946588"
"986","0","Microginin 769","0.497781721384206"
"987","0","Microginin 756","0.46693657219973"
"988","0","Aeruginosin K139","0.556826304503217"
"989","0","[Dha7]MC-WR","0.70012746972594"
"990","0","[Dha7]MC-YR","0.713328868050904"
"991","0","Microviridin SD1652","0.649514454738252"
"992","0","Micropeptin KT946","0.802903651561813"
"993","0","Micropeptin D","0.675588519832312"
"994","0","Micropeptin F","0.672080165860401"
"995","0","Microcyclamide 7806A","0.70976253298153"
"996","0","Microviridin SD1684","0.652178697183099"
"997","1","Piricyclamide TLGCM(O)NGTERCLGLP","0.504010695187166"
"998","0","MC-RR","0.78213058419244"
"999","0","[D-Met1,D-Asp3]MC-LR","0.795294943820225"
"1000","0","[D-Met(O)1,D-MeO-Glu6]MC-LR","0.712130937098845"
"1001","0","[D-Met(O)1]MC-LR","0.757434012696291"
"1002","0","[D-Phe1]MC-LR","0.729598445595855"
"1003","0","[D-Leu1,D-MeO-Glu6]MC-LR","0.713355048859935"
"1004","0","[Leu1,MeO-Glu6]MC-HilR","0.710526315789474"
"1005","0","[D-Leu1]MC-M(O)R","0.73228598909907"
"1006","0","[D-Leu1]MC-HphR","0.724513847967001"
"1007","0","[D-Leu1]MC-LR","0.758562224482876"
"1008","0","[D-Leu1]MC-HilR","0.761112996267391"
"1009","0","[D-Leu1]MC-LY","0.626230549380756"
"1010","0","[D-MeO-Glu6]MC-YR","0.693113297365916"
"1011","0","MC-(H2)YG","0.64638783269962"
"1012","0","MC-RM","0.737154840964698"
"1013","0","[D-Asp3]MC-WR","0.764803175653325"
"1014","0","[D-Asp<U+00B3>]MC-Y(OMe)R","0.726749469857619"
"1015","0","[D-Asp3]MC-(H2)YR","0.734700520833333"
"1016","0","MC-AnaR","0.772198204190223"
"1017","0","MC-ER","0.796920821114369"
"1018","0","MC-OiaR","0.731230283911672"
"1019","0","MC-YR","0.731301939058172"
"1020","0","MC-Y(OMe)R","0.703332350339133"
"1021","0","MC-(H2)YR","0.71128688773958"
"1022","0","MC-NfkR","0.697986577181208"
"1023","0","MC-KynR","0.72379738770309"
"1024","0","[D-Asp3]MC-RE","0.824522760646109"
"1025","0","[Asp3]MC-LE","0.745967741935484"
"1026","0","MC-RE","0.783842794759825"
"1027","0","MC-EE","0.77536231884058"
"1028","0","MC-LE","0.697470133520731"
"1029","0","[D-Asp3]MC-RY","0.76223544973545"
"1030","0","[D-Asp<U+00B3>]MC-HilY","0.690344827586207"
"1031","0","MC-YY","0.598769230769231"
"1032","0","MC-LY(OMe)","0.633333333333333"
"1033","0","MC-NfkAba","0.647193211488251"
"1034","0","MC-HilAba","0.689816480748471"
"1035","0","MC-(H2)YA","0.622774605307356"
"1036","0","MC-NfkA","0.624428478118877"
"1037","0","MC-HilA","0.665467625899281"
"1038","0","MC-WV","0.621780241278122"
"1039","0","MC-FV","0.624498611539648"
"1040","0","[DMAdda5]MC-WR","0.688825577714467"
"1041","0","[DMAdda5]MC-YR","0.693927372596887"
"1042","0","[DMAdda5]MC-Y(OMe)R","0.677951133352959"
"1043","0","[Mser7]MC-RR","0.724024909865618"
"1044","0","[D-Leu1,D-MeO-Glu6,NMe-Ser7]MC-LR","0.675151129494114"
"1045","0","[D-Leu1,NMe-Ser7]MC-LR","0.721964167219642"
"1046","0","[NMe-Ser7]MC-YR","0.684895063553059"
"1047","0","[D-Asp<U+00B3>,NMe-Ser7]MC-YHar","0.668129938542581"
"1048","0","[D-Asp<U+00B3>,Mser7]MC-RY","0.708188428706924"
"1049","1","Anabaenopeptin 820","0.748789671866595"
"1050","0","Piricyclamide GTHLYTITP","0.493881393159711"
"1051","0","Cyanopeptolin 1007 MB2","0.69574780058651"
"1052","0","[D-Asp<U+00B3>]MC-YY","0.634535588892435"
"1053","0","[D-Asp<U+00B3>]MC-(H4)YR","0.767795438838977"
"1054","0","[Dha7]MC-(H4)YR","0.77541937692571"
"1055","0","Balgacyclamide C","0.539447731755424"
"1056","1","Microviridin A","0.779333921482135"
"1057","0","Micropeptin 1120","0.778271742150597"
"1058","0","Micropeptin 1106","0.812652811735941"
"1059","0","Micropeptin KB970C","0.673521850899743"
"1060","0","Micropeptin KB984","0.674008810572687"
"1061","0","Micropeptin KB1048","0.611695137976347"
"1062","0","Micropeptin KB970A","0.717399617590822"
"1063","0","Micropeptin KB970B","0.71937212863706"
"1064","0","Micropeptin KB956","0.64668652271035"
"1065","0","Micropeptin KB928","0.721508828250401"
"1066","0","Micropeptin KB992","0.595756880733945"
"1067","0","Micropeptin KB1046","0.664788732394366"
"1068","0","Piricyclamide FAIFLLLP","0.553654743390358"
"1069","0","Microginin 478","0.410172272354389"
"1070","0","Aeruginosin 102B","0.432894736842105"
"1071","1","Micropeptin HH992","0.568840579710145"
"1072","1","Micropeptin HH960","0.566475731082303"
"1073","0","Micropeptin HH978","0.607331688403243"
"1074","0","Microginin GH787","0.41973840665874"
"1075","0","MC-KynAba","0.666213460231135"
"1076","0","Microginin 299D","0.430676490288011"
"1077","0","Microginin 91B","0.425716768027802"
"1078","0","Microginin 91E","0.424755700325733"
"1079","1","Microginin 91D","0.422712933753943"
"1080","0","Microginin 91C","0.436095505617978"
"1081","0","Micropeptin LH911A","0.629815100154083"
"1082","1","Microginin 645","0.42039618488628"
"1083","1","Microginin 680","0.405961674946771"
"1084","0","Aeruginosin 89B-SO3","0.523630907726932"
"1085","0","Aeruginosin 89A-SO3","0.523630907726932"
"1086","0","Aeruginosin 101","0.810094097519247"
"1087","0","Aeruginosin 103A","0.462025316455696"
"1088","0","Microcarbonin A","0.225480283114257"
"1089","0","Micropeptin LH1062","0.603016688061617"
"1090","0","Microginin 713","0.427807486631016"
"1091","0","Micropeptin LH1048","0.607317869977132"
"1092","0","Microginin 527 methyl ester","0.383152173913043"
"1093","0","Microginin 688","0.396769662921348"
"1094","0","Microginin 674","0.450336071695295"
"1095","0","Microginin 690","0.445494186046512"
"1096","0","Microginin 511","0.397312859884837"
"1097","0","Microginin 527","0.406603773584906"
"1098","0","Microginin 704","0.4"
"1099","0","Micropeptin SD-1002","0.662872962165488"
"1100","1","Micropeptin KR1030","0.657014925373134"
"1101","0","Micropeptin SD979","0.662832494608195"
"1102","0","Micropeptin SD944","0.771634615384615"
"1103","0","Micropeptin SD999","0.673897324656544"
"1104","0","Micropeptin C","0.720177232447171"
"1105","0","Micropeptin E","0.687994248741912"
"1106","0","Micropeptin B","0.777821782178218"
"1107","0","Micropeptin MM978","0.662413415967918"
"1108","0","Micropeptin LH920","0.649365628604383"
"1109","0","Micropeptin LH1021","0.615474112856312"
"1110","1","Microginin 612","0.42684766214178"
"1111","1","Micropeptin KR 1002","0.68201617921593"
"1112","0","Micropeptin KR998","0.693849343469247"
"1113","0","Micropeptin 996","0.651617250673854"
"1114","1","Cyanopeptolin 984","0.593683463449255"
"1115","0","Microcyclamide A","0.501597444089457"
"1116","0","Microcyclamide MZ602","0.431635388739946"
"1117","0","Microcyclamide GL614C","0.460333006856024"
"1118","0","Microcyclamide GL614A","0.492492492492492"
"1119","0","Microcyclamide GL546B","0.54653937947494"
"1120","1","Aeruginazole DA1274","0.397094430992736"
"1121","1","Aeruginazole DA1304","0.41492669924478"
"1122","0","Microcyclamide MZ568","0.478964401294498"
"1123","0","Microcyclamide GL616","0.4"
"1124","0","Microcyclamide GL614B","0.492492492492492"
"1125","0","Microcyclamide GL582","0.501597444089457"
"1126","0","Microcyclamide GL546A","0.54653937947494"
"1127","0","Micropeptin DR1060","0.655778894472362"
"1128","0","Micropeptin LH925","0.642118328506413"
"1129","0","Anabaenopeptin HU892","0.712377560106857"
"1130","0","Aeruginazole DA1497","0.394636518995662"
"1131","0","Balgacyclamide A","0.609937888198758"
"1132","0","Balgacyclamide B","0.613801452784504"
"1133","0","Micropeptin MZ939A","0.620980707395498"
"1134","0","Micropeptin MZ925","0.648255813953488"
"1135","0","Micropeptin MZ939B","0.615138165798959"
"1136","0","Micropeptin MM916","0.616042345276873"
"1137","0","Micropeptin MM932","0.60998003992016"
"1138","0","Micropeptin MZ859","0.640575079872205"
"1139","0","Micropeptin MZ845","0.657657657657658"
"1140","0","Microcystilide A","0.670468948035488"
"1141","0","Micropeptin MZ771","0.530721282279608"
"1142","1","Ichthyopeptin A","0.690204326923077"
"1143","0","Micropeptin LH911C","0.657191344929996"
"1144","0","Micropeptin MM850","0.610601833399761"
"1145","0","Micropeptin DR1056","0.689756097560976"
"1146","0","Micropeptin MM836","0.622929380993897"
"1147","0","Micropeptin KT1042","0.674076495586793"
"1148","1","Micropeptin DR1006","0.664027538726334"
"1149","0","Microcyclamide GL628","0.468390804597701"
"1150","0","Aeruginopeptin 228B","0.660604364857303"
"1151","0","Aeruginopeptin 228A","0.679163034001744"
"1152","0","Aeruginopeptin 95B","0.666495242993057"
"1153","0","Aerugininopeptin 95A","0.671247357293869"
"1154","0","Micropeptin HU1021","0.611711397699547"
"1155","0","Micropeptin HU1069","0.58029197080292"
"1156","0","Micropeptin HU989","0.568312284730195"
"1157","1","Micropeptin HA983","0.604198826798395"
"1158","0","Micropeptin GH979","0.63522761083011"
"1159","0","Micropeptin HM978","0.628444444444444"
"1160","0","Aeruginosamide","0.28477366255144"
"1161","0","Microginin 91A","0.420916162489196"
"1162","0","Microviridin L","0.751222765673633"
"1163","0","Microviridin LH1667","0.716081330868762"
"1164","0","Micropeptin EI964","0.656194846452524"
"1165","1","Microginin 99A","0.422462406015038"
"1166","1","Microginin 99B","0.412007332722273"
"1167","0","Aeruginosin EI461","0.538709677419355"
"1168","1","Radiosumin B","0.314558979808714"
"1169","0","Micropeptin HU1041","0.580645161290323"
"1170","0","Micropeptin HU909","0.568674698795181"
"1171","0","Micropeptin HU895A","0.586463062319439"
"1172","0","Microguanidine DA368","0.163475699558174"
"1173","0","Cyanopeptolin 1020","0.643211100099108"
"1174","0","Micropeptin TR1058","0.637566971320517"
"1175","0","[DMAdda5]MC-LR","0.683513419309864"
"1176","1","Cyanopeptolin 954","0.629426915647135"
"1177","0","Micropeptin 90","0.570135746606335"
"1178","0","Micropeptin LH911B","0.659303313508921"
"1179","0","Micropeptin HU975","0.585873072785945"
"1180","0","Micropeptin HU895B","0.60655105973025"
"1181","0","Micropeptin A","0.727408513816281"
"1182","0","Micropeptin 103","0.608981693363844"
"1183","0","Microcystbiopterin C","0.197149643705463"
"1184","0","Micropeptin 478B","0.583867701653729"
"1185","0","Micropeptin 478A","0.585873072785945"
"1186","0","[(6Z)-Adda5]MC-LR","0.789056875449964"
"1187","0","MC-YM","0.65523576240049"
"1188","0","MC-LM","0.663058659217877"
"1189","0","MC-YM(O)","0.653985507246377"
"1190","0","[D-Asp3,Dha7]MC-RR","0.778533094812165"
"1191","0","[D-Asp3]MC-FR","0.767096774193548"
"1192","0","[D-Asp3,Dha7]MC-LR","0.870305845915602"
"1193","0","[Dha7]MC-RR","0.75591922005571"
"1194","0","[Dha7]MC-FR","0.725615929800878"
"1195","0","MC-FR","0.737353433835846"
"1196","0","[D-Val1]MC-LR","0.751627269612881"
"1197","0","[D-Met1]MC-LR","0.771779979501196"
"1198","0","MC-LR","0.789056875449964"
"1199","0","[Dha7]MC-HilR","0.851851851851852"
"1200","0","MC-VR","0.723531480830109"
"1201","0","[NMe-Ala7]MC-LR","0.722925457102672"
"1202","0","[Dha7]MC-LR","0.750625223294034"
"1203","0","[D-Asp<U+00B3>]MC-RF","0.754924874791319"
"1204","0","[D-Asp3]MC-LF","0.682926829268293"
"1205","0","MC-LF","0.641522256201155"
"1206","0","MC-VF","0.621594005449591"
"1207","0","[D-Asp<U+00B3>,Dha7]MC-RY","0.728947368421053"
"1208","0","[D-Asp3,Dha7]MC-LY","0.67980802194035"
"1209","0","[D-Asp3]MC-LY","0.690934546727336"
"1210","0","[D-Asp<U+00B3>,Mser7]MC-LY","0.649541884816754"
"1211","0","MC-LY","0.647731092436975"
"1212","0","[D-Asp3]MC-LW","0.677571669477234"
"1213","0","MC-LW","0.634920634920635"
"1214","0","[D-Asp<U+00B3>]MC-RAba","0.776575904513241"
"1215","0","[D-Asp3,D-MeO-Glu6]MC-LAba","0.652391149179158"
"1216","0","MC-RAba","0.735896514552641"
"1217","0","MC-FAba","0.659533695305014"
"1218","0","MC-OiaAba","0.680368098159509"
"1219","0","MC-WAba","0.662258392675483"
"1220","0","MC-LAba","0.657715717866094"
"1221","0","[D-Asp3]MC-LL","0.681346222699606"
"1222","0","MC-YL","0.644160583941606"
"1223","0","MC-WL","0.638104511522233"
"1224","0","[D-Asp<U+00B3>,Dha7]MC-YA","0.658296943231441"
"1225","0","[D-Asp<U+00B3>]MC-WA","0.683521923620934"
"1226","0","[D-Asp3]MC-LA","0.676974664679583"
"1227","0","MC-RA","0.713903743315508"
"1228","0","MC-FA","0.635725677830941"
"1229","0","MC-YA","0.637051039697543"
"1230","0","MC-OiaA","0.657773689052438"
"1231","0","MC-WA","0.640407470288625"
"1232","0","MC-LA","0.634443250984604"
"1233","0","Microcystbiopterin A","0.196825396825397"
"1234","1","Microcystbiopterin D","0.214574898785425"
"1235","1","Microcystbiopterin E","0.227737226277372"
"1236","1","Microcystbiopterin B","0.206599713055954"
"1237","0","Adda-D-Glu(gamma)-Mdha-D-Ala-L-Leu-D-MeAsp(beta)-L-Arg-OH","0.450725066587748"
"1238","0","Not named CyanoMetDB_0534","0.581106870229008"
"1239","0","Not named CyanoMetDB_0535","0.45459940652819"
"1240","0","Aeruginoguanidin 98B","0.71259842519685"
"1241","1","Acetamino-hexachloropentadecadiyne","0.0979782270606532"
"1242","1","Acetamino-tridecane","0.194520547945205"
"1243","1","Acetamino-trichlorodecane","0.173575129533679"
"1244","1","1-ethenoxy-2-methylbenzene","0.0991379310344828"
"1245","0","20-Nor-3alpha-acetoxy-abieta-5,7,9,11,13-pentaene","0.223168654173765"
"1246","0","20-Nor-3alpha-acetoxy-12-hydroxy-abieta-5,7,9,11,13-pentaene","0.217661691542289"
"1247","1","8-Acetamido-1,1,15,15-tetrachloropentadeca-3-yne","0.164210526315789"
"1248","1","8-Acetamido-1,1,15,15,15-pentachloropentadeca-3-yne","0.145129224652087"
"1249","1","8-Acetamido-1,1,1,15,15-pentachloropentadeca-3,12-diyne","0.114119922630561"
"1250","1","8-Acetamido-1,1,1,15,15,15-hexachloropentadeca-3,12-diyne","0.0979782270606532"
"1251","1","A90720A","0.603316749585406"
"1252","0","Kalkipyrone A","0.224793388429752"
"1253","1","Yanucamide B","0.337827121332276"
"1254","0","Somocystinamide A","0.21875"
"1255","1","Yanucamide A","0.32260659694288"
"1256","1","Nhatrangin A","0.253996447602131"
"1257","0","Nhatrangin B","0.243715846994536"
"1258","1","Parguerene","0.24105461393597"
"1259","0","Takinolide seco-acid","0.246088193456615"
"1260","0","Amantelide B","0.32017982017982"
"1261","0","Amantelide A","0.322822020309995"
"1262","1","N-butyryl-L-homoserine lactone","0.173267326732673"
"1263","0","Malyngamide V","0.24847250509165"
"1264","0","Precarriebowmide","0.523751023751024"
"1265","1","3-phenylethyl-2'-deoxyuridine","0.20501138952164"
"1266","1","3-acetyl-2'-deoxyuridine","0.118764845605701"
"1267","0","Besarhanamide B","0.279554937413074"
"1268","0","Mooreaside A","0.36608557844691"
"1269","0","Cryptomaldamide","0.221024258760108"
"1270","0","Majusculamide B","0.301123595505618"
"1271","0","Apratoxin H","0.410761652140962"
"1272","0","Lyngbyacarbonate","0.127906976744186"
"1273","0","Y-lactone 2","0.17910447761194"
"1274","0","Pukeleimide E","0.108140947752126"
"1275","0","Pukeleimide G","0.147959183673469"
"1276","1","Pukeleimide B","0.129310344827586"
"1277","1","Pukeleimide A","0.129310344827586"
"1278","1","Pukeleimide D","0.160075329566855"
"1279","1","Tetrahydroindol 3","0.12"
"1280","1","Tetrahydroindol 4","0.104938271604938"
"1281","1","Tetrahydroindol 2","0.127906976744186"
"1282","0","Tetrahydroindol 5","0.18122555410691"
"1283","1","Floridamide","0.378378378378378"
"1284","1","Guineamide G","0.442933462846042"
"1285","0","Dechlorobarbamide","0.227067669172932"
"1286","0","Barbamide","0.209469153515065"
"1287","0","Columbamide A","0.237822349570201"
"1288","0","Columbamide C","0.245632065775951"
"1289","0","Columbamide B","0.22911051212938"
"1290","0","Besarhanamide A","0.2625"
"1291","0","Serinolamide A","0.249003984063745"
"1292","0","Tanikolide","0.205837173579109"
"1293","0","Takinolide dimer","0.330008312551953"
"1294","1","Malyngolide","0.217054263565891"
"1295","0","Malyngolide dimer","0.339449541284404"
"1296","1","Lyngbic acid","0.251381215469613"
"1297","1","Malyngamide K","0.236427320490368"
"1298","1","Malyngamide","0.251358695652174"
"1299","1","Malyngamide E","0.282656826568266"
"1300","0","Majusculamide A","0.301123595505618"
"1301","1","Debromogrenadadien","0.202970297029703"
"1302","1","Grenadadien","0.208530805687204"
"1303","1","Grenadamide","0.222832052689352"
"1304","0","Malyngamide J","0.253557567917206"
"1305","0","N-demethyl-isomalyngamide I","0.240339302544769"
"1306","1","6,8-di-O-acetylmalyngamide","0.271220159151194"
"1307","0","6-O-acetylmalyngamide","0.271099744245524"
"1308","1","Malyngamide 4","0.238839285714286"
"1309","1","Laxaphycin B","0.899835119538335"
"1310","1","Laxaphycin B3","0.863572714542909"
"1311","1","Laxaphycin B2","0.885819521178637"
"1312","1","Lyngbioic acid","0.216216216216216"
"1313","1","Hermitamide B","0.219944082013048"
"1314","1","Hermitamide A","0.209205020920502"
"1315","1","Malyngamide H","0.212361331220285"
"1316","1","Malyngamide Q","0.266761768901569"
"1317","1","Malyngamide T","0.225859247135843"
"1318","0","Malyngamide C","0.248785228377065"
"1319","1","8-O-acetyl-8-epi-malyngamide C","0.23982869379015"
"1320","0","8-epi-malyngamide C","0.248785228377065"
"1321","0","Malyngamide 3","0.27336860670194"
"1322","1","Isomalyngamide A","0.250359712230216"
"1323","1","Isomalyngamide B","0.254768392370572"
"1324","1","Malyngamide R","0.272791023842917"
"1325","0","Malyngamide L","0.261744966442953"
"1326","1","Malyngamide B","0.254768392370572"
"1327","1","Malyngamide A","0.250359712230216"
"1328","0","Malyngamide I","0.237832874196511"
"1329","0","methyl tumonoate A","0.232142857142857"
"1330","0","Tumonoic acid C","0.365384615384615"
"1331","0","methyl tumonoate B","0.328802039082413"
"1332","0","Tumonoic acid B","0.367054610564011"
"1333","0","Tumonic acid A","0.244582043343653"
"1334","0","Laxaphycin A","0.526594834958098"
"1335","1","Antanapeptin C","0.467916666666667"
"1336","1","Malyngamide Y","0.234833659491194"
"1337","1","Pitipeptolide C","0.501185770750988"
"1338","0","Hantupeptin C","0.460324419114424"
"1339","0","Trungapeptin C","0.479025710419486"
"1340","1","Tiahuramide C","0.461825726141079"
"1341","1","(-)-7-methoxydodec-4(E)-enoic acid","0.213872832369942"
"1342","1","Malyngamide W","0.242957746478873"
"1343","0","Malyngamide U","0.24847250509165"
"1344","1","Palau<U+0092>imide","0.302375809935205"
"1345","1","Guineamide E","0.433862433862434"
"1346","1","Guineamide D","0.386060100166945"
"1347","1","Guineamide F","0.464486458865611"
"1348","1","Microcolin B","0.408362641656897"
"1349","1","Microcolin A","0.419805825242718"
"1350","1","Lyngbyabellin I","0.273897058823529"
"1351","1","Lyngbyabellin F","0.268609865470852"
"1352","1","Lyngbyabellin H","0.287579113924051"
"1353","1","Lyngbyabellin E","0.282448663308795"
"1354","0","Palmyramide A","0.373606776638431"
"1355","0","Pitiprolamide","0.467834287638936"
"1356","1","Lyngbyastatin 3","0.463518013926733"
"1357","1","Hoiamide A","0.329824561403509"
"1358","1","Grenadamide B","0.214702450408401"
"1359","1","Grenadamide C","0.237623762376238"
"1360","0","Lyngbyabellin A","0.359792924935289"
"1361","0","Guineamide C","0.352648257129923"
"1362","0","Antanapeptin B","0.455220620358235"
"1363","0","Antanapeptin A","0.43763487268019"
"1364","1","Homodolastatin 3","0.411480686695279"
"1365","0","Jamaicamide C","0.221649484536082"
"1366","0","Jamaicamide A","0.212323064113239"
"1367","0","Jamaicamide B","0.218508997429306"
"1368","0","Antanapeptin D","0.418252595155709"
"1369","1","7-formyl-3-methoxy-5-methylindanone","0.143769968051118"
"1370","1","N,7-Dimethylindole-3-carbaldehyde","0.120622568093385"
"1371","0","Anhydroaplysiatoxin","0.312039312039312"
"1372","0","4,8-dimethyl-6-O-(2<U+0092>,4<U+0092>-di-O-methyl-beta-D-xylopyranosyl)hydroxyquinoline","0.19828641370869"
"1373","1","4,8-dimethyl-6-hydroxyquinoline","0.103448275862069"
"1374","0","Not named CyanoMetDB_1645","0.232186732186732"
"1375","0","Dudawalamide D","0.444711538461538"
"1376","0","Wewakazole B","0.439804013065796"
"1377","1","Lagunamide C","0.459786999632758"
"1378","1","Hantupeptin A","0.427471636952998"
"1379","0","Hantupeptin B","0.444492627927147"
"1380","0","Tiahuramide B","0.452682075883123"
"1381","0","Tiahuramide A","0.43145681134508"
"1382","0","Trungapeptin B","0.471723518850987"
"1383","0","Trungapeptin A","0.448961555457357"
"1384","1","Pitipeptolide D","0.482041587901701"
"1385","0","Pitipeptolide B","0.488237721832439"
"1386","1","Pitipeptolide A","0.472093023255814"
"1387","0","Pitipeptolide F","0.460493827160494"
"1388","1","Lagunamide A","0.470146451370635"
"1389","0","Pitipeptolide E","0.464713165497317"
"1390","1","Lyngbyastatin 2","0.397786998616874"
"1391","1","Norlyngbyastatin 2","0.402930402930403"
"1392","0","Grassypeptolide F","0.464195836193091"
"1393","1","Dolastatin 12","0.462390100944318"
"1394","1","Majusculamide C","0.462945139557267"
"1395","1","Lyngbyastatin 1","0.455517132977051"
"1396","1","Desmethoxymajusculamide C","0.466998341625207"
"1397","1","57-Normajusculamide C","0.454088050314465"
"1398","0","Guineamide A","0.382326420198377"
"1399","1","Kalkitoxin","0.188118811881188"
"1400","0","Lagunamide B","0.461453744493392"
"1401","1","Homodolastatin 16","0.500540930400288"
"1402","1","Apratoxin D","0.420442930153322"
"1403","0","Apratoxin A sulfoxide","0.411831626848692"
"1404","1","Apratoxin A","0.40422432629279"
"1405","1","Dudawalamide A","0.407319952774498"
"1406","1","Malyngic acid","0.175126903553299"
"1407","1","Aurilide C","0.419646081617913"
"1408","1","Aurilide B","0.434892086330935"
"1409","1","Majusculamide D","0.451624815361891"
"1410","1","deoxy-Majusculamide D","0.436635944700461"
"1411","1","Carmabid B","0.387517466231952"
"1412","1","Carmabin A","0.364398881640261"
"1413","1","Kororamide","0.468085106382979"
"1414","0","Dolastatin 3","0.411149825783972"
"1415","0","Lyngbyatoxin B","0.242396313364055"
"1416","1","Lyngbyatoxin C","0.219020172910663"
"1417","0","Lyngbyabellin B","0.349471830985915"
"1418","0","Teleocidin B","0.236612702366127"
"1419","1","Cocosamide A","0.454946131243879"
"1420","1","Cocosamide B","0.442933462846042"
"1421","1","Herbamide B","0.194103194103194"
"1422","0","Dragonamide E","0.291613452532993"
"1423","1","Ypaoamide A","0.24809483488569"
"1424","1","Not named CyanoMetDB_1749","0.16991643454039"
"1425","1","Taveuniamide F","0.172872340425532"
"1426","1","Taveuniamide G","0.11566265060241"
"1427","1","Taveuniamide D","0.136490250696379"
"1428","1","Taveuniamide J","0.112980769230769"
"1429","1","Taveuniamide B","0.176100628930818"
"1430","1","Taveuniamide I","0.129787234042553"
"1431","1","Taveuniamide H","0.132075471698113"
"1432","1","Taveuniamide A","0.181015452538631"
"1433","1","Taveuniamide K","0.195121951219512"
"1434","1","Taveuniamide C","0.177387914230019"
"1435","1","Taveuniamide E","0.155268022181146"
"1436","1","Dudawalamide C","0.42731781762686"
"1437","1","Lyngbyatoxin A","0.237"
"1438","1","Teleocidin-A2 19(S)","0.237"
"1439","0","Guineamide B","0.370434782608696"
"1440","1","Curacin D","0.2"
"1441","1","Curacin B","0.210407239819005"
"1442","1","Curacin A","0.210407239819005"
"1443","1","Curacin C","0.210407239819005"
"1444","1","Dolastatin 16","0.48560393258427"
"1445","0","Hectochlorin","0.313656387665198"
"1446","0","Lyngbyabellin G","0.280636108512629"
"1447","0","Apramide F","0.357161027728313"
"1448","0","Apramide C","0.349259932485069"
"1449","1","Almiramide C","0.33757225433526"
"1450","1","Almiramide A","0.35910780669145"
"1451","0","Apramide D","0.348925410872314"
"1452","0","Apramide A","0.340903225806452"
"1453","1","Apramide G","0.295803480040942"
"1454","1","Almiramide B","0.330871491875923"
"1455","1","Dudawalamide B","0.432617633622659"
"1456","0","Grassypeptolide G","0.467951695308871"
"1457","1","Antillatoxin-B","0.324003392705683"
"1458","0","Antillatoxin-A","0.294964028776978"
"1459","0","Itralamide A","0.384712837837838"
"1460","0","Itralamide B","0.407068607068607"
"1461","0","Anhydrodebromoaplysiatoxin","0.306276150627615"
"1462","1","Dragomabin","0.337662337662338"
"1463","1","Dragonamide B","0.236780715396579"
"1464","0","Nordysidenin","0.163972286374134"
"1465","0","Pseudodysidenin","0.15625"
"1466","0","Dysidenamide","0.134909596662031"
"1467","1","Dragonamide A","0.292985971943888"
"1468","0","Apramide E","0.348616803278689"
"1469","0","Apramide B","0.339602925809822"
"1470","0","Stigonemapeptin","0.609533468559838"
"1471","0","Wewakazole","0.440119760479042"
"1472","0","Lyngbyazothrin B","0.681754874651811"
"1473","0","neo-debromoaplysiatoxin A","0.30442035029191"
"1474","0","neo-debromoaplysiatoxin B","0.309574468085106"
"1475","1","Decarbamoylgonyautoxin-3","0.152173913043478"
"1476","1","Asterina-330","0.556034482758621"
"1477","0","Lyngbyaureidamides B","0.808466119427008"
"1478","0","Lyngbyaureidamides A","0.801602564102564"
"1479","1","Izenamide C","0.407172995780591"
"1480","0","Grassystatin B","0.427670121676431"
"1481","0","Grassystatin A","0.422753128555176"
"1482","1","Benderamide A","0.448061273336525"
"1483","1","Aestuaramide A","0.389455028799291"
"1484","1","Aestuaramide B","0.441265060240964"
"1485","0","Madangolide","0.212413793103448"
"1486","1","13-O-acetyldecarbamoylsaxitoxin-11alpha-O-sulfate","0.162079510703364"
"1487","1","13-O-acetyldecarbamoylsaxitoxin-11beta-
O-sulfate","0.162079510703364"
"1488","0","Pahayokolide A","0.749444620755316"
"1489","0","Pahayokolide B","0.626942148760331"
"1490","0","Izenamide B","0.450094161958569"
"1491","0","Grassystatin C","0.475203138133931"
"1492","0","2-epi-lyngbyaloside","0.208655332302937"
"1493","0","Izenamide A","0.441074249605055"
"1494","1","Gonyautoxin-3","0.137355584082157"
"1495","1","13-O-Acetyldecarbamoylsaxitoxin","0.201892744479495"
"1496","1","12beta-Deoxydecarbamoylsaxitoxin","0.158490566037736"
"1497","1","13-O-Acetyl-12beta-deoxydecarbamoylsaxitoxin","0.175895765472313"
"1498","1","13-O-acetyl-12beta-deoxydecarbamoylsaxitoxin-11beta-O-sulfate","0.159305993690852"
"1499","1","Decarbamoylgonyautoxin-2","0.152173913043478"
"1500","1","Lobocyclamide C","0.835842148087876"
"1501","0","Semiplenamide D","0.286214953271028"
"1502","0","Semiplenamide G","0.249417249417249"
"1503","0","Semiplenamide F","0.240977881257276"
"1504","0","Semiplenamide E","0.264406779661017"
"1505","0","Semiplenamide B","0.285874439461883"
"1506","0","Semiplenamide A","0.267538644470868"
"1507","1","Semiplenamide C","0.23162583518931"
"1508","1","Lyngbyacyclamide A","0.694764397905759"
"1509","1","Lyngbyacyclamide B","0.703350112827634"
"1510","1","2,5-dimethyldodecanoic acid","0.242603550295858"
"1511","1","Lobocyclamide B","0.806742453939632"
"1512","0","Malyngamide 2","0.248148148148148"
"1513","1","7-methoxy-9-methylhexadecadienoic acid","0.235294117647059"
"1514","1","Lyngbyastatin 7","0.627936507936508"
"1515","1","Lobocyclamide A","0.532227307398932"
"1516","1","Wewakpeptin B","0.413077161450263"
"1517","1","Wewakpeptin D","0.472433749619251"
"1518","1","Porpoisamide B","0.410508083140878"
"1519","1","Porpoisamide A","0.410508083140878"
"1520","1","Desacetylmicrocolin B","0.372813990461049"
"1521","0","Kempopeptin B","0.65"
"1522","0","Bouillomide B","0.582779255319149"
"1523","1","Lyngbyabellin D","0.259572573463936"
"1524","1","Lyngbyabellin J","0.277499035121575"
"1525","1","Pompanopeptin A","0.623875432525952"
"1526","1","Ulongamide C","0.394366197183099"
"1527","0","Ulongamide B","0.363636363636364"
"1528","0","Ulongamide A","0.37521815008726"
"1529","0","Carriebowmide","0.524385328496574"
"1530","0","Ulongamide F","0.435033686236766"
"1531","0","Ulongamide D","0.370196078431373"
"1532","0","Ulongamide E","0.381614349775785"
"1533","0","Lyngbyapeptin A","0.342918454935622"
"1534","0","Lyngbyabellin C","0.291666666666667"
"1535","0","Norbisebromoamide","0.400774979241627"
"1536","0","Bisebromoamide","0.382955771305286"
"1537","0","Laingolide A","0.208809135399674"
"1538","0","Laingolide B","0.202078521939954"
"1539","1","Laingolide","0.207243460764588"
"1540","0","Obyanamide","0.362888482632541"
"1541","0","27-deoxylyngbyabellin A","0.389725420726306"
"1542","1","Wewakamide A","0.512063492063492"
"1543","1","Lyngbyaureidamide A","0.812469556746225"
"1544","1","Lyngbyaureidamide B","0.767695961995249"
"1545","1","Wewakpeptin A","0.406539173349784"
"1546","0","Wewakpeptin C","0.455147501505117"
"1547","0","Lyngbyazothrin D","0.808466119427008"
"1548","0","Lyngbyazothrin C","0.801602564102564"
"1549","0","Lyngbyazothrin A","0.708761972330614"
"1550","1","Pompanopeptin B","0.640975987606507"
"1551","0","15-norlyngbyapeptin A","0.355477342718874"
"1552","1","Grassypeptolide C","0.466362020817466"
"1553","1","Grassypeptolide A","0.466362020817466"
"1554","0","Cyanolide A","0.214345991561181"
"1555","0","Maedamide","0.469457013574661"
"1556","0","Apratoxin C","0.425860023724792"
"1557","1","Apratoxin B","0.406934306569343"
"1558","0","Apratoxin E","0.384462940943321"
"1559","1","Apratoxin F","0.374095513748191"
"1560","1","Kempopeptin A","0.647113306576104"
"1561","0","Lyngbyapeptin D","0.325731497418244"
"1562","1","Dragonamide D","0.240155945419103"
"1563","1","Dragonamide C","0.243347473968376"
"1564","0","Jahanene (ene)","0.359058823529412"
"1565","0","Lyngbyaloside B","0.241238793806031"
"1566","1","Apratoxin G","0.355434782608696"
"1567","0","18Z-lyngbyaloside C","0.226247987117552"
"1568","0","18E-lyngbyaloside C","0.226247987117552"
"1569","0","Bouillomide A","0.603554340396446"
"1570","0","Lyngbouilloside","0.243917274939173"
"1571","1","Grassypeptolide B","0.464919043947571"
"1572","0","Lyngbyaloside","0.208655332302937"
"1573","0","Lyngbyastatin 9","0.603554340396446"
"1574","0","Lyngbyastatin 10","0.582779255319149"
"1575","0","Lyngbyastatin 6","0.605333985808662"
"1576","0","Lyngbyastatin 4","0.593166175024582"
"1577","0","Lyngbyastatin 5","0.620049166894291"
"1578","1","Lyngbyastatin 8","0.596372688477952"
"1579","1","Tiglicamide C","0.469126213592233"
"1580","0","Tiglicamide A","0.500295159386068"
"1581","1","Tiglicamide B","0.498595943837754"
"1582","1","Koshikalide","0.25615763546798"
"1583","0","Biselyngbyaside C","0.235907335907336"
"1584","1","Biselyngbyaside D","0.227195467422096"
"1585","1","Biselyngbyaside B","0.232306861156132"
"1586","0","Oscillatoxin A","0.303938356164384"
"1587","0","Aeruginozamide AEG671","0.619285120532003"
"1588","0","Aeruginozamide AEG721","0.349871134020619"
"1589","0","Aeruginozamide AEG639","0.41185647425897"
"1590","0","Aeruginozamide AEG707","0.346280447662936"
"1591","0","Aeruginozamide AEG705","0.346280447662936"
"1592","0","Aeruginozamide AEG657","0.573675496688742"
"1593","0","Aeruginozamide AEG625","0.385098039215686"
"1594","0","Aeruginozamide AEG693","0.329780146568954"
"1595","0","Aeruginozamide AEG685","0.549689440993789"
"1596","0","Aeruginozamide AEG667","0.358827734095783"
"1597","0","Aeruginozamide AEG603","0.499564838990426"
"1598","1","Aeruginozamide AEG571","0.358353510895884"
"1599","0","Loggerpeptin A","0.635963427023366"
"1600","0","Loggerpeptin B","0.592191435768262"
"1601","0","Loggerpeptin C","0.646265560165975"
"1602","1","Honaucin B","0.154798761609907"
"1603","1","Honaucin C","0.14218009478673"
"1604","1","Honaucin A","0.099236641221374"
"1605","1","Ibu-epidemethoxylyngbyastatin 3","0.47162119786767"
"1606","0","Yoshinone B2","0.228438228438228"
"1607","0","Yoshinone A","0.218285714285714"
"1608","0","Kalkipyrone B","0.206405693950178"
"1609","0","Coibamide A","0.349532037437005"
"1610","1","Grassypeptolide E","0.452357320099256"
"1611","1","Grassypeptolide D","0.452357320099256"
"1612","1","Companeramide A","0.429317346741443"
"1613","1","Crossbyanol B","0.126433642818132"
"1614","0","Crossbyanol C","0.119239904988124"
"1615","1","Crossbyanol D","0.119928666963888"
"1616","1","Crossbyanol A","0.121037463976945"
"1617","1","Companeramide B","0.39741362671299"
"1618","1","Shinorine","0.547445255474453"
"1619","1","Chlorohyellazole","0.157894736842105"
"1620","1","1Z-pitiamide B","0.226681127982646"
"1621","1","1E-pitiamide B","0.226681127982646"
"1622","1","Pitiamide A","0.247086247086247"
"1623","0","Laxaphycin A2","0.521858864027539"
"1624","1","Laxaphycin B4","0.831216320246343"
"1625","0","Hormothamnin A","0.526594834958098"
"1626","1","Anaephene B","0.163323782234957"
"1627","1","Anaephene A","0.2"
"1628","1","Anaephene C","0.235955056179775"
"1629","0","Hassallidin B","0.451867166300556"
"1630","0","Hassallidin A","0.47203196347032"
"1631","0","[D-Asp<U+00B3>]MC-RA","0.750279537830786"
"1632","1","12-epi-Hapalindole C isonitrile","0.168591224018476"
"1633","1","12-epi-Hapalindole E isonitrile","0.160087719298246"
"1634","0","Hapalindole L","0.158579881656805"
"1635","0","Anhydrohapaloxindole M","0.176923076923077"
"1636","0","Anhydrohapaloxindole B","0.161764705882353"
"1637","0","Hapalindole A isothiocyanate","0.154200230149597"
"1638","0","Hapalindole A","0.163265306122449"
"1639","0","Hapalosin","0.316529894490035"
"1640","0","12-epi-Hapalindole G","0.158579881656805"
"1641","0","12-epi-Hapalindole G","0.151764705882353"
"1642","0","12-epi-Hapalindole H","0.167479674796748"
"1643","1","Hapalindole D","0.160087719298246"
"1644","1","Hapalindole Q","0.160087719298246"
"1645","1","Hapalindole F","0.152083333333333"
"1646","0","12-epi-fisherindole U isothiocyanate","0.163265306122449"
"1647","0","12-epi-fischerindole U isonitrile","0.169381107491857"
"1648","1","Fontonamide","0.191176470588235"
"1649","0","Hapalonamide A","0.170842824601367"
"1650","0","Welwitindolinone C isothiocyanate","0.136316337148803"
"1651","0","N-methylwelwitindolinone C isothiocyanate","0.140730717185386"
"1652","0","N-methylwelwitinsolinone C isonitrile","0.139459459459459"
"1653","0","3-epi-welwitindolinone B isothiocyanate","0.162365591397849"
"1654","0","Welwitindolinone B isothiocyanate","0.153172866520788"
"1655","0","12-epi-Fischerindole I isonitrile","0.147058823529412"
"1656","0","Welwitindolinone A isonitrile","0.150229357798165"
"1657","0","12-epi-fischerindole G isonitrile","0.150621118012422"
"1658","0","Hapalocyclamide","0.457817772778403"
"1659","0","[D-Asp<U+00B3>,DMAdda5]MC-LA","0.64797623468251"
"1660","0","[D-Asp<U+00B3>]MC-VA","0.651041666666667"
"1661","0","[Dha7]MC-LA","0.675102344622255"
"1662","0","MC-VA","0.606926097822206"
"1663","0","[D-Asp<U+00B3>]MC-LV","0.657122405153901"
"1664","0","MC-LV","0.614855570839065"
"1665","0","Hapalindole M","0.161442006269592"
"1666","0","Ambiguine G nitrile","0.178828365878726"
"1667","0","Anhydrohapaloxindole A","0.16793893129771"
"1668","0","Hapalindole O","0.159537572254335"
"1669","0","Hapalindole T","0.185697808535179"
"1670","1","12-epi-Hapalindole Q isonitrile","0.168591224018476"
"1671","0","Chlorophyll f","0.28131021194605"
"1672","1","Malyngamide M","0.228501228501229"
"1673","1","Malyngamide N","0.223116313094367"
"1674","0","Manauealide C","0.281604844814534"
"1675","0","Manauealide A","0.306753458096013"
"1676","0","Manauealide B","0.293075684380032"
"1677","0","Debromoaplysiatoxin","0.296849087893864"
"1678","0","Aplysiatoxin","0.303571428571429"
"1679","1","Gloeolactone","0.215223097112861"
"1680","1","N-octanoyl-homoserine lactone","0.196581196581197"
"1681","1","Mycosporine-lysine","0.384905660377359"
"1682","0","Mitsoamide","0.385769872151195"
"1683","1","Fischerellin B","0.132196162046908"
"1684","0","Fischerellin A","0.169675090252708"
"1685","0","Aranazole C","0.189509306260575"
"1686","0","Aranazole B","0.181475903614458"
"1687","0","Aranazole A","0.185943060498221"
"1688","0","Aranazole D","0.199824715162138"
"1689","1","Deschloro 12-epi-fischerindole W nitrile","0.175126903553299"
"1690","1","12-epi-fischerindole W nitrile","0.157549234135667"
"1691","0","Ambiguine C isonitrile","0.182302771855011"
"1692","0","Ambiguine B isonitrile","0.184183142559834"
"1693","0","Ambiguine A isonitrile","0.168598524762908"
"1694","0","Ambiguine E isonitrile","0.250535331905782"
"1695","0","Ambiguine D isonitrile","0.263435194942044"
"1696","0","Fischerindole L","0.150621118012422"
"1697","1","Hapalindolinone B","0.147058823529412"
"1698","0","Hapalindolinone A","0.146285714285714"
"1699","0","Ambigol C","0.106382978723404"
"1700","0","Ambigol A","0.100208768267223"
"1701","1","Ambigol B","0.0981818181818182"
"1702","1","2,4-dichlorobenzoic acid","0.0685483870967742"
"1703","0","12-epi-Hapalindole J isonitrile","0.167479674796748"
"1704","0","Deschloro 12-epi-fischerindole I nitrile","0.158064516129032"
"1705","0","Ambiguine J isonitrile","0.254564983888292"
"1706","0","Ambiguine I isonitrile","0.241003271537623"
"1707","0","Ambiguine H isonitrile","0.175732217573222"
"1708","0","13-hydroxy dechlorofontonamide","0.18370607028754"
"1709","0","N-methylwelwitindolinone D isonitrile","0.15491452991453"
"1710","0","3-hydroxy-N-methylwelwitindolinone C isothiocyanate","0.144478844169247"
"1711","0","3-hydroxy-N-methylwelwitindolinone C isonitrile","0.148777895855473"
"1712","0","12-epi-fischerindole I nitrile","0.147058823529412"
"1713","0","Ambiguine Q nitrile","0.176656151419558"
"1714","0","Ambiguine L isonitrile","0.182302771855011"
"1715","0","Ambiguine N isonitrile","0.239669421487603"
"1716","0","Fischambiguine A","0.189834024896266"
"1717","0","Ambiguine P","0.169054441260745"
"1718","0","Ambiguine K isonitrile","0.196635120925342"
"1719","0","Ambiguine M isonitrile","0.249197860962567"
"1720","0","Ambiguine F isonitrile","0.248958333333333"
"1721","0","Ambiguine O isonitrile","0.236082474226804"
"1722","0","Fischambiguine B","0.239915074309979"
"1723","1","Mycosporine-2-glycine","0.465384615384615"
"1724","1","Euhalothece-362","0.477351916376307"
"1725","1","Eucapsitrione","0.139664804469274"
"1726","1","4,9-Seco-11,11-dihydroxy-N-sulfocarbamoylsaxitoxin","0.161004431314623"
"1727","1","decarbamoyloxysaxitoxin","0.149812734082397"
"1728","1","12,12-Dideoxydecarbamoylsaxitoxin","0.164"
"1729","1","11-Hydroxydecarbamoylsaxitoxin","0.183391003460208"
"1730","1","11,11-Dihydroxy-N-sulfocarbamoylsaxitoxin","0.16"
"1731","1","11,11-Dihydroxysaxitoxin","0.187675070028011"
"1732","1","11-Hydroxy-N-sulfocarbamoylsaxitoxin","0.167058823529412"
"1733","1","11-Hydroxysaxitoxin","0.196428571428571"
"1734","0","Dolastatin I","0.627906976744186"
"1735","0","Dolastatin 13","0.583431488025128"
"1736","1","Dolastatin 15","0.377339231030963"
"1737","1","Bauerine B","0.11864406779661"
"1738","1","Bauerine C","0.127035830618893"
"1739","1","Bauerine A","0.125"
"1740","1","Molassamide","0.615671641791045"
"1741","0","Anabaenopeptin 877b","0.651243998254038"
"1742","0","Anabaenopeptin 877a","0.654855643044619"
"1743","1","Anabaenopeptin 850","0.673286991062562"
"1744","0","Anabaenopeptin 906B2","0.635983263598326"
"1745","1","Anabaenopeptin 863a","0.690980778708724"
"1746","0","Anabaenopeptin 891","0.644995722840034"
"1747","1","Anabaenopeptin 864","0.645563549160671"
"1748","1","Anabaenopeptin 848","0.702880242546741"
"1749","0","Anabaenopeptin 906a","0.635983263598326"
"1750","0","Muscotoxin A","0.621850251979842"
"1751","0","Muscotoxin B","0.625044658806717"
"1752","1","Gonyautoxin-6","0.164319248826291"
"1753","1","Gonyautoxin-5","0.165841584158416"
"1754","1","12alpha-Deoxydecarbamoyloxysaxitoxin","0.127906976744186"
"1755","1","12beta-Deoxydecarbamoyloxysaxitoxin","0.127906976744186"
"1756","1","Gonyautoxin-2","0.155015197568389"
"1757","0","7-Deoxy-desulfo-cylindrospermopsin","0.177978883861237"
"1758","1","Puwainaphycin G","0.517147310989868"
"1759","1","Puwainaphycin F","0.51494298073142"
"1760","1","Cylindrocyclophane A","0.457081545064378"
"1761","0","7-Deoxy-desulfo-12-acetylcylindrospermopsin","0.210392902408112"
"1762","1","7-Deoxy-Cylindrospermopsin","0.188248095756257"
"1763","0","Cylindrospermopsin","0.19042189281642"
"1764","1","cis-Dihydroanatoxin-a","0.117924528301887"
"1765","1","Cusperin A","0.258913412563667"
"1766","0","Cusperin B","0.274279615795091"
"1767","0","Tutuilamide C","0.605142655864741"
"1768","1","Palytoxin carboxylic acid","0.12754896429435"
"1769","1","N-methylpalythine","0.52112676056338"
"1770","1","Calophycin","0.47957181088314"
"1771","1","(S)-2,4-diaminobutyric acid","0.191489361702128"
"1772","1","Calothrixamides B","0.281476121562952"
"1773","1","Calothrixin B","0.150641025641026"
"1774","1","Calothrixin A","0.15962441314554"
"1775","1","Calothrixamides A","0.2578125"
"1776","0","Hoshinoamide B","0.395045632333768"
"1777","0","Hoshinoamide A","0.44706972434561"
"1778","1","Caldoramide","0.327363184079602"
"1779","1","Caldorin","0.212328767123288"
"1780","1","Laucysteinamide A","0.181488203266788"
"1781","1","Anabaenopeptin 802","0.791806958473625"
"1782","1","Tumonoic acid F","0.25503355704698"
"1783","1","Tumonoic acid D","0.237373737373737"
"1784","0","Tumonoic acid H","0.328971962616822"
"1785","0","Tumonoic acid G","0.330459770114943"
"1786","1","epi-tumonoic acid D","0.237373737373737"
"1787","0","Tumonoic acid E","0.23968253968254"
"1788","0","Tumonoic acid I","0.323666978484565"
"1789","0","Aulosirazole","0.103571428571429"
"1790","1","Palythene","0.444"
"1791","1","9-epi-sacrolide A","0.264285714285714"
"1792","1","15,16-dihydrosacrolide A","0.252358490566038"
"1793","1","Sacrolide A","0.264285714285714"
"1794","0","Cyanopeptolin CB071","0.634561891515994"
"1795","1","Neosaxitoxin","0.189349112426035"
"1796","1","Saxitoxin","0.19435736677116"
"1797","0","Aphanorphine","0.133200795228628"
"1798","1","Decarbamoylgonyautoxin-1","0.161038961038961"
"1799","1","11beta-hydroxysaxitoxin","0.148571428571429"
"1800","1","Decarbamoylgonyautoxin-4","0.161038961038961"
"1801","1","N-Sulfocarbamoylgonyautoxin-3","0.171875"
"1802","1","Gonyautoxin-4","0.164444444444444"
"1803","1","N-Sulfocarbamoylgonyautoxin-4","0.171875"
"1804","1","Gonyautoxin-1","0.164444444444444"
"1805","1","11-Carboxyanatoxin-a","0.205240174672489"
"1806","1","11alpha-hydroxysaxitoxin","0.196428571428571"
"1807","0","(2-(palmitoyloxy)ethyl)phosphate","0.258663366336634"
"1808","1","Anabaenopeptin J","0.821138211382114"
"1809","1","Anabaenopeptin I","0.650555555555556"
"1810","1","Mueggelone","0.215223097112861"
"1811","0","7-Epicylindrospermopsin","0.19042189281642"
"1812","0","Bacteriohopanetetrol from 'Anacystis montana'","0.747030048916841"
"1813","1","N-Sulfocarbamoylgonyautoxin-1","0.164658634538153"
"1814","1","N-Sulfocarbamoylgonyautoxin-2","0.164658634538153"
"1815","1","Decarbamoylsaxitoxin","0.178181818181818"
"1816","0","[seco-4/5][D-Asp<U+00B3>]MC-LR","0.477238468495629"
"1817","0","[D-Ser1,D-Asp<U+00B3>]MC-HtyR","0.717902350813743"
"1818","0","[D-Asp3]MC-HtyR","0.756166094286606"
"1819","0","MC-HtyR","0.736745886654479"
"1820","0","[D-Asp<U+00B3>]MC-M(O2)R","0.785738890802618"
"1821","0","[D-Asp<U+00B3>]MC-Hty(OMe)R","0.739974937343358"
"1822","0","MC-M(O2)R","0.742705570291777"
"1823","0","MC-HphR","0.754522769806613"
"1824","0","[Mser7]MC-HtyR","0.682003494467094"
"1825","0","[seco-4/5][D-Asp<U+00B3>]MC-HtyR","0.493864194164167"
"1826","0","[seco-4/5]MC-HtyR","0.49058064516129"
"1827","1","Anabaenopeptin A","0.749521988527725"
"1828","0","Anabaenopeptin C","0.771617497456765"
"1829","0","Anabaenopeptin B","0.908801696712619"
"1830","0","[D-Asp<U+00B3>]MC-MR","0.808174973108641"
"1831","0","[D-Asp<U+00B3>]MC-M(O)R","0.802255904124075"
"1832","0","[D-Asp3,D-MeO-Glu6]MC-LR","0.781362007168459"
"1833","0","MC-MR","0.761888352860096"
"1834","0","[D-MeO-Glu6]MC-LR","0.73205574912892"
"1835","1","Spumigin J","0.572278911564626"
"1836","1","Anatoxin-a","0.139423076923077"
"1837","1","Decarbamoyloxygonyautoxin-3","0.135593220338983"
"1838","0","Hassallidin C","0.415364441044695"
"1839","1","Anacyclamide A20PP","0.515066102946111"
"1840","1","Anacyclamide A20P","0.515310233682514"
"1841","1","Anabaenolysin B","0.350722311396469"
"1842","1","Anabaenolysin A","0.359450726978998"
"1843","1","Anabaenolysin D","0.358937544867193"
"1844","1","Anabaenolysin C","0.356989247311828"
"1845","1","Balticidin D","0.394376772901719"
"1846","1","Balticidin B","0.388600181473233"
"1847","1","Balticidin C","0.363849441610368"
"1848","1","[C181, ManAc4]Hassallidin D","0.444935869084476"
"1849","1","[C141, ManAc4]Hassallidin D","0.445043355987813"
"1850","1","[ManAc3]Hassallidin D","0.427789299046039"
"1851","1","[ManAc1]Hassallidin D","0.428002323844302"
"1852","1","[Man]Hassallidin D","0.42810891582268"
"1853","1","[C181, ManAc3]Hassallidin D","0.427648790058862"
"1854","1","[C181, ManAc2]Hassallidin D","0.427753700220787"
"1855","1","[C181, ManAc1]Hassallidin D","0.42785866186815"
"1856","1","[C181, Man]Hassallidin D","0.427963675038861"
"1857","0","[C141, ManAc3]Hassallidin D","0.425910480956353"
"1858","0","[C141, ManAc2]Hassallidin D","0.426028921023359"
"1859","0","[C141, ManAc1]Hassallidin D","0.426147426981919"
"1860","0","[C141, Man]Hassallidin D","0.426265998887034"
"1861","0","[Dha7]MC-HtyR","0.719132029339853"
"1862","0","[D-Asp3,Dha7]MC-HtyR","0.741913517194416"
"1863","0","[Dha7]MC-HphR","0.73619015734851"
"1864","1","Laxaphycin D","0.8158953722334"
"1865","0","[Ser7]MC-RR","0.732130928523714"
"1866","0","[Ser7]MC-HtyR","0.682965299684543"
"1867","0","Anabaenopeptilide 90A","0.692046739540143"
"1868","0","Anabaenopeptilide 90B","0.646131279794646"
"1869","0","Anabaenopeptilide 202B","0.610531803962461"
"1870","0","Anabaenopeptilide 202A","0.633959270034382"
"1871","0","[D-Val9]Laxaphycin A","0.521335168616655"
"1872","1","Acyclolaxaphycin B","0.603718368049578"
"1873","1","Acyclolaxaphycin B3","0.612986123008395"
"1874","0","Laxaphycin E","0.545006793478261"
"1875","1","Balticidin A","0.359792335542045"
"1876","0","Anacyclamide B10","0.488513335093742"
"1877","0","Anacyclamide C10","0.544193216855087"
"1878","0","Anacyclamide A15G","0.588901472253681"
"1879","0","Anacyclamide A8P","0.560756972111554"
"1880","0","Anacyclamide B8","0.561298076923077"
"1881","0","Anacyclamide A9P","0.502688172043011"
"1882","1","Anacyclamide E10P","0.540651283157214"
"1883","0","Anacyclamide E10","0.546775898520085"
"1884","0","Anacyclamide D10","0.55045871559633"
"1885","0","Anacyclamide B7","0.488615664845173"
"1886","0","Anacyclamide C8","0.565595134665508"
"1887","1","Anacyclamide A10","0.512673753066231"
"1888","0","Anacyclamide A15","0.589012804626188"
"1889","1","Anacyclamide A11","0.598507763662029"
"1890","1","6-O-triacetyl(A,B,E)-beta-cyclodextrin","0.145746164574616"
"1891","1","6-O-triacetyl(A,B,D)-beta-cyclodextrin","0.146385710298632"
"1892","0","6-O-diacetyl(A,B)-beta-cyclodextrin","0.136821419798575"
"1893","0","6-O-acetyl-beta-cyclodextrin","0.125513347022587"
"1894","0","beta-cyclodextrin","0.114362416107383"
"1895","1","6-O-tetraacetyl(A,B,D,E)-alpha-cyclodextrin","0.159235668789809"
"1896","1","6-O-tetraacetyl(A,B,C,E)-alpha-cyclodextrin","0.160804020100503"
"1897","0","6-O-triacetyl(A,C,E)-alpha-cyclodextrin","0.153735217767522"
"1898","0","6-O-triacetyl(A,B,C)-alpha-cyclodextrin","0.154068090017311"
"1899","0","6-O-diacetyl(A,C)-alpha-cyclodextrin","0.146800121322414"
"1900","0","6-O-diacetyl(A,B)-alpha-cyclodextrin","0.146800121322414"
"1901","0","6-O-acetyl-alpha-cyclodextrin","0.14602053915276"
"1902","0","gamma-cyclodextrin","0.0994342906875544"
"1903","1","[ManAc4]Hassallidin D","0.446662555880993"
"1904","0","Anacyclamide A7","0.524646673560841"
"1905","1","Guanitoxin","0.0981132075471698"
"1906","1","Puwainaphycin D","0.53656998738966"
"1907","1","Puwainaphycin B","0.536991946057314"
"1908","1","Puwainaphycin E","0.539996126283169"
"1909","1","Puwainaphycin A","0.53872117007313"
"1910","1","Minutissamide A","0.511921458625526"
"1911","1","Spiroidesin","0.477862595419847"
"1912","1","Puwainaphycin C","0.533990767939572"
"1913","1","Minutissamide D","0.5182356310865"
"1914","1","Minutissamide C","0.513899466869764"
"1915","1","Anabaenopeptin D","0.75867122618466"
"1916","1","Anabaenopeptin NZ825","0.781296387926769"
"1917","1","Anabaenopeptin NZ841","0.855983772819473"
"1918","1","Anabaenopeptin NZ857","0.910536779324056"
"1919","0","Circinamide","0.24442082890542"
"1920","1","Anachelin-H","0.725443786982249"
"1921","0","7-OMe-29-OAc-scytophycin B","0.281938325991189"
"1922","1","Minutissamide L","0.528688524590164"
"1923","1","Minutissamide H","0.532614653754796"
"1924","1","Minutissamide K","0.53037430967478"
"1925","1","Minutissamide I","0.532399626517274"
"1926","1","Minutissamide J","0.540983606557377"
"1927","1","Minutissamide E","0.538517975055026"
"1928","1","Minutissamide F","0.556888544891641"
"1929","1","Bromoanaindolone","0.0909090909090909"
"1930","0","[D-Asp3,Dha7]MC-HphR","0.751041666666667"
"1931","0","[D-Asp3,Ser7]MC-HtyR","0.69951534733441"
"1932","0","[D-Asp3,Dha7]MC-FR","0.741879751209399"
"1933","0","[D-Asp3]MC-LR","0.837959489872468"
"1934","0","[D-Asp3,Ser7]MC-LR","0.828358208955224"
"1935","0","[Ser7]MC-LR","0.797505502567865"
"1936","0","[D-Asp3,Dha7]MC-E(OMe)E(OMe)","0.735127478753541"
"1937","0","[D-Asp3,Ser7]MC-E(OMe)E(OMe)","0.685317056629366"
"1938","0","[D-Asp3,Dha7]MC-EE(OMe)","0.781999262264847"
"1939","0","[Dha7]MC-E(OMe)E(OMe)","0.697404371584699"
"1940","0","[L-Ser7]MC-E(OMe)E(OMe)","0.655500821018062"
"1941","0","[Dha7]MC-EE(OMe)","0.745635910224439"
"1942","0","[L-Ser7]MC-EE(OMe)","0.687606112054329"
"1943","1","Minutissamide B","0.495098039215686"
"1944","0","Anacyclamide F10P","0.474570264043948"
"1945","1","12beta-Deoxydecarbamoyloxygonyautoxin-3","0.152037617554859"
