"","CompoundName","pred"
"1","Schizopeptin 791",0.96137339055794
"2","Anabaenopeptin NZ857",0.955268389662028
"3","Nodulapeptin B",0.955004812319538
"4","Nodulapeptin 855b",0.952133479212254
"5","Laxaphycin B",0.949917559769167
"6","Trichormamide C",0.943488943488944
"7","Laxaphycin B2",0.942909760589319
"8","Nodulapeptin 915a",0.94057682744903
"9","Nodulapeptin 863",0.934288537549407
"10","Laxaphycin B3",0.931786357271454
"11","Nodulapeptin 883c",0.929238329238329
"12","Nostamide A",0.928934010152284
"13","Anabaenopeptin NZ841",0.927991886409737
"14","Microviridin K",0.922291548496881
"15","Anabaenopeptin 871",0.921226415094339
"16","Nodulapeptin 867",0.919990272373541
"17","Anabaenopeptin 857",0.919299951385513
"18","Anabaenopeptin 807",0.919113413932067
"19","Lobocyclamide C",0.917921074043938
"20","Anabaenopeptin 931",0.91747572815534
"21","Nodulapeptin A",0.917424931756142
"22","Nodulapeptin 865",0.917422434367542
"23","Nodulapeptin 849",0.917406311637081
"24","Nodulapeptin 851",0.916963830871115
"25","Laxaphycin B4",0.915608160123171
"26","Nodulapeptin 823",0.91467750126968
"27","Nostocyclopeptide Ncp-E1",0.911244292237443
"28","Microviridin 1777",0.910810810810811
"29","Anabaenopeptin J",0.910569105691057
"30","Nodulapeptin 821",0.909136799596163
"31","Laxaphycin D",0.9079476861167
"32","Lyngbyaureidamide A",0.906234778373113
"33","Lobocyclamide B",0.903371226969816
"34","Anabaenopeptin SA6",0.899945622620989
"35","Anabaenopeptin 802",0.895903479236813
"36","Namalide C",0.895522388059702
"37","Namalide B",0.894043528064147
"38","Anabaenopeptin NZ825",0.890648193963385
"39","Microviridin A",0.889666960741067
"40","Nodulapeptin 807",0.886
"41","Anabaenopeptin T",0.884885353299018
"42","Lyngbyaureidamide B",0.883847980997625
"43","Anabaenopeptin D",0.87933561309233
"44","Anabaenopeptin SA13",0.878423040604344
"45","Aeruginosin NAL3",0.877184466019417
"46","Anabaenopeptin SA5",0.876124933827422
"47","Ferintoic acid B",0.874832064487237
"48","Anabaenopeptin A",0.874760994263863
"49","Anabaenopeptin 820",0.874394835933297
"50","Anabaenopeptin KB906",0.868927789934354
"51","Spumigin F",0.868075117370892
"52","Nodulapeptin 901",0.86783651710351
"53","Aeruginosin NOL2",0.867336152219873
"54","Ferintoic acid A",0.866865261228231
"55","Spumigin H",0.865554465161924
"56","Cyanopeptolin CP1013",0.862948960302457
"57","Aeruginosin NOL4",0.862941738299905
"58","Spumigin B1",0.862745098039216
"59","Spumigin B2",0.862745098039216
"60","Anachelin-H",0.862721893491124
"61","Microviridin J",0.860466395336047
"62","Anabaenopeptin SA7",0.859693877551021
"63","Cyanopeptolin CP969",0.85945151811949
"64","Nodulapeptin 915b",0.856605351170568
"65","Aeruginosin NAL1",0.856471816283925
"66","Anabaenopeptin 933",0.855574687903573
"67","Microviridin SD1634",0.854772535296247
"68","Nostocyclopeptide Ncp-E2",0.854106835152211
"69","Nostocyclopeptide Ncp-E3",0.852637614678899
"70","Lyngbyacyclamide B",0.851675056413817
"71","Anabaenopeptin 848",0.85144012127337
"72","Spumigin A",0.850719424460431
"73","Nodulapeptin 917",0.848695286195286
"74","Lyngbyacyclamide A",0.847382198952879
"75","Spumigin 582b",0.846766635426429
"76","Cyanopeptolin 997 A",0.846125730994152
"77","Nodulapeptin 883b",0.845670995670996
"78","Anabaenopeptin 863a",0.845490389354362
"79","Ichthyopeptin A",0.845102163461539
"80","Trichormamide B",0.845022624434389
"81","Nodulapeptin 885",0.844419642857143
"82","Cyanopeptolin CP999",0.843896347174524
"83","Anabaenopeptin 882",0.843116098403107
"84","Spumigin 652",0.842477140482128
"85","Cyanopeptolin 983",0.841949778434269
"86","Micropeptin KR 1002",0.841008089607965
"87","Cyanopeptolin CP1027",0.839280314484427
"88","Cyanopeptolin 997 C",0.839072127582458
"89","Aeruginosin NOL1",0.839055793991416
"90","Anabaenopeptin 897",0.837763713080169
"91","Cyanopeptolin 1003",0.836697247706422
"92","Anabaenopeptin 850",0.836643495531281
"93","Aeruginopeptin 917SC",0.835205992509364
"94","Cyanopeptolin 997 B",0.835137085137085
"95","Cyanopeptolin 1017",0.832434376123697
"96","Spumigin C",0.832014072119613
"97","Micropeptin DR1006",0.832013769363167
"98","Cyanopeptolin 1001",0.829694323144105
"99","Micropeptin KR1030",0.828507462686567
"100","Microviridin M",0.828344729712295
"101","Cyanopeptolin 1011",0.827058409570725
"102","Ribocyclophane E",0.82639751552795
"103","Nostopeptin BN920",0.825892857142857
"104","Planktopeptin BL843",0.82578539371685
"105","Planktopeptin BL1061",0.825383861483175
"106","Anabaenopeptin I",0.825277777777778
"107","Cyanopeptolin 1032",0.825026325026325
"108","Oscillapeptide 97B",0.824610798277575
"109","Oscillapeptilide 97B",0.824610798277575
"110","Hexose-bound palythine-treonine",0.824175824175824
"111","Kempopeptin A",0.823556653288052
"112","Oscillatoxin",0.823157894736842
"113","Pseudoaeruginosin NS2",0.823157894736842
"114","Anabaenopeptin 864",0.822781774580336
"115","Anabaenopeptin SA4",0.822273781902552
"116","Spumigin 638",0.821310116086235
"117","Scytonemide A",0.820519761775853
"118","Pompanopeptin B",0.820487993803253
"119","Cyanopeptolin 1025",0.818977350720659
"120","Largamide E",0.817880794701987
"121","Micropeptin T20",0.817540322580645
"122","Spumigin D",0.816696113074205
"123","Cyanopeptolin 954",0.814713457823568
"124","Lyngbyastatin 7",0.813968253968254
"125","Oscillapeptide 97A",0.813331405436668
"126","Oscillapeptilide 97A",0.813331405436668
"127","Pompanopeptin A",0.811937716262976
"128","Pseudoaeruginosin NS1",0.807851239669422
"129","Molassamide",0.807835820895523
"130","Hexose-bound porphyra-334",0.807262569832402
"131","Acyclolaxaphycin B3",0.806493061504197
"132","Somamide A",0.8062893081761
"133","Spumigin 654",0.803090332805072
"134","Largamide D",0.80308170766186
"135","Micropeptin HA983",0.802099413399197
"136","Acyclolaxaphycin B",0.801859184024789
"137","A90720A",0.801658374792703
"138","Pentose-bound shinorine",0.799546142208775
"139","13-O-(beta-galactosyl)-porphyra-334",0.799446749654219
"140","Anacyclamide A11",0.799253881831014
"141","Lyngbyastatin 8",0.798186344238976
"142","Tutuilamide A",0.797689768976897
"143","Palythinol",0.797071129707113
"144","Cyanopeptolin 984",0.796841731724627
"145","Jizanpeptin A",0.796779661016949
"146","Aeruginosin KT608A",0.796296296296297
"147","Microcin SF608",0.796296296296297
"148","Aeruginosin KT608B",0.796296296296297
"149","Spumigin 640",0.794943820224719
"150","Nostocyclopeptide",0.793846153846154
"151","Tutuilamide B",0.793190603627713
"152","Largamide D oxazolidine",0.792610419026047
"153","Micropeptin KT554",0.791743119266055
"154","Spumigin J",0.786139455782313
"155","Microphycin KB921",0.785897435897436
"156","Micropeptin HH992",0.784420289855073
"157","Dihydrospumigin K",0.78441127694859
"158","Dihydrospumigin L",0.78441127694859
"159","Aeruginosin NOL5",0.784140969162995
"160","Cyanopeptolin 1009",0.783237865541151
"161","Micropeptin HH960",0.783237865541151
"162","478-Da MAA",0.782327586206897
"163","Piricyclamide 7005E4",0.780483165303405
"164","Aeruginosin KT650",0.780215550423403
"165","Minutissamide F",0.77844427244582
"166","Asterina-330",0.77801724137931
"167","Spumigin 582a",0.777092511013216
"168","Oscillatorin",0.777044854881267
"169","Tolybyssidin A",0.775260498894853
"170","Shinorine",0.773722627737226
"171","Nostoweipeptin W2",0.773640167364017
"172","Nostopeptolide A1",0.771464938671604
"173","Nostopeptolide A3",0.771464938671604
"174","Minutissamide J",0.770491803278688
"175","Anacyclamide E10P",0.770325641578607
"176","Puwainaphycin E",0.769998063141584
"177","Myxol (II)",0.769788918205805
"178","Puwainaphycin A",0.769360585036565
"179","Minutissamide E",0.769258987527513
"180","Puwainaphycin B",0.768495973028657
"181","Puwainaphycin D",0.76828499369483
"182","Aeruginosin NAL4",0.767832647462277
"183","Puwainaphycin C",0.766995383969786
"184","Minutissamide H",0.766307326877398
"185","Minutissamide I",0.766199813258637
"186","Lobocyclamide A",0.766113653699466
"187","Minutissamide K",0.76518715483739
"188","Minutissamide L",0.764344262295082
"189","[D-Leu1,Mdha-GS(O)H7]MC-LR",0.763490882024563
"190","Nostocyclopeptide Ncp-E1-L",0.763392857142857
"191","[D-Leu1,Mdha-GSH7]MC-LR",0.76326684230335
"192","Microseiramide",0.761701056869653
"193","Wainunuamide",0.761274934952298
"194","N-methylpalythine",0.76056338028169
"195","Dihydrospumigin M",0.759654889071487
"196","Dihydrospumigin N",0.759654889071487
"197","Nostophycin",0.759372453137734
"198","Nostophycin C",0.759220886862827
"199","Minutissamide D",0.75911781554325
"200","Puwainaphycin G",0.758573655494934
"201","Oscillacyclin",0.75824332006822
"202","Anacyclamide A20P",0.757655116841257
"203","Anacyclamide A20PP",0.757533051473055
"204","Puwainaphycin F",0.75747149036571
"205","Spumigin 574",0.757029876977153
"206","Minutissamide C",0.756949733434882
"207","Anacyclamide A10",0.756336876533116
"208","Wewakamide A",0.756031746031746
"209","Minutissamide A",0.755960729312763
"210","Spumigin N",0.75531045751634
"211","Spumigin M",0.75531045751634
"212","Nostophycin B",0.75421984355702
"213","Piricyclamide TLGCMNGTERCLGLP",0.752704326923077
"214","Largamide H",0.752490512333966
"215","Aeruginosin NOL6",0.752352150537634
"216","Scytonemide B",0.752317613865377
"217","Piricyclamide TLGCM(O)NGTERCLGLP",0.752005347593583
"218","Aeruginosin A",0.750594766058684
"219","Pitipeptolide C",0.750592885375494
"220","Homodolastatin 16",0.750270465200144
"221","Tiglicamide B",0.749297971918877
"222","Minutissamide B",0.747549019607843
"223","Banyasin A",0.744708994708994
"224","Kulokekahilide 1",0.743647475072371
"225","Carbamidocyclophane R",0.742943548387097
"226","Dolastatin 16",0.742801966292135
"227","Carbamidocyclophane E",0.742788461538461
"228","Nostocyclopeptide Ncp-E2-L",0.742774566473989
"229","Pitipeptolide D",0.741020793950851
"230","Calophycin",0.73978590544157
"231","Spiroidesin",0.738931297709923
"232","Euhalothece-362",0.738675958188153
"233","Aeruginosin NOL7",0.737272155876807
"234","Nostosin D",0.736666666666666
"235","Wewakpeptin D",0.736216874809625
"236","Ribocyclophane D",0.736119402985075
"237","Pitipeptolide A",0.736046511627907
"238","Ibu-epidemethoxylyngbyastatin 3",0.735810598933835
"239","Carbamidocyclophane S",0.735179153094462
"240","Lagunamide A",0.735073225685318
"241","Tiglicamide C",0.734563106796116
"242","Kororamide",0.734042553191489
"243","Antanapeptin C",0.733958333333333
"244","Desmethoxymajusculamide C",0.733499170812604
"245","Grassypeptolide C",0.733181010408733
"246","Grassypeptolide A",0.733181010408733
"247","Mycosporine-2-glycine",0.732692307692308
"248","Grassypeptolide B",0.732459521973785
"249","Tasiamid E",0.732244587922522
"250","Guineamide F",0.732243229432806
"251","Microginin 764",0.732111307420494
"252","Lyngbyastatin 3",0.731759006963366
"253","Majusculamide C",0.731472569778634
"254","Dolastatin 12",0.731195050472159
"255","Tiahuramide C",0.730912863070539
"256","Lagunamide C",0.729893499816379
"257","Cylindrocyclophane A",0.728540772532189
"258","Carbamidocyclophane D",0.728260869565218
"259","Lyngbyastatin 1",0.727758566488526
"260","Palythine",0.727488151658768
"261","Cocosamide A",0.727473065621939
"262","57-Normajusculamide C",0.727044025157233
"263","Microspinosamide",0.726577181208053
"264","Aeruginosin DA495A",0.726540284360189
"265","Microginin FR4",0.726428920371275
"266","Microginin FR2",0.726428920371275
"267","Grassypeptolide E",0.726178660049628
"268","Grassypeptolide D",0.726178660049628
"269","Nostosin C",0.726114649681529
"270","Majusculamide D",0.725812407680945
"271","Microginin 767",0.725709372312983
"272","Porphyra-334",0.72564935064935
"273","Malevamide B",0.725351060651329
"274","Aeruginosin GH553",0.725210084033614
"275","Microginin FR6",0.725012189176012
"276","Carbamidocyclophane M",0.724918032786885
"277","Benderamide A",0.724030636668263
"278","Carbamidocyclophane C",0.723894939141576
"279","Tasiamid C",0.723704268292683
"280","[ManAc4]Hassallidin D",0.723331277940497
"281","Microginin FR8",0.723239436619719
"282","Microginin KR767",0.723214285714285
"283","Microginin FR5",0.722909450766947
"284","Microginin FR3",0.722551928783383
"285","[C141, ManAc4]Hassallidin D",0.722521677993907
"286","[C181, ManAc4]Hassallidin D",0.722467934542238
"287","Ribocyclophane C",0.722322503008423
"288","Palythene",0.722
"289","Microginin FR9",0.72191011235955
"290","Guineamide G",0.721466731423021
"291","Cocosamide B",0.721466731423021
"292","Microginin 791",0.721379310344827
"293","Viequeamide B",0.721230535510824
"294","Nostocyclophane D",0.720788043478261
"295","Aestuaramide B",0.720632530120482
"296","Merocyclophane B",0.718502519798416
"297","deoxy-Majusculamide D",0.718317972350231
"298","Nostosin B",0.718172484599589
"299","Aurilide A",0.717962562994961
"300","Microginin KR801",0.71752808988764
"301","Carbamidocyclophane O",0.717460317460317
"302","Aurilide B",0.717446043165467
"303","Microginin 761B",0.717226691907241
"304","Ribocyclophane B",0.717086015213575
"305","Microginin 711",0.717032967032967
"306","Merocyclophane A",0.717008797653959
"307","Guineamide E",0.716931216931217
"308","Microginin 741B",0.716626506024096
"309","Carbamidocyclophane T",0.716417910447761
"310","Dudawalamide B",0.71630881681133
"311","Cylindrocyclophane C1",0.716244725738396
"312","Microginin FR1",0.716105769230769
"313","Microginin 713B",0.715542521994135
"314","Cylindrocyclophane A1",0.715416379903647
"315","Companeramide A",0.714658673370722
"316","Mycosporine-glycine-valine",0.71405750798722
"317","[Man]Hassallidin D",0.71405445791134
"318","[ManAc1]Hassallidin D",0.714001161922151
"319","[C181, Man]Hassallidin D",0.71398183751943
"320","[C181, ManAc1]Hassallidin D",0.713929330934075
"321","[ManAc3]Hassallidin D",0.71389464952302
"322","[C181, ManAc2]Hassallidin D",0.713876850110393
"323","[C181, ManAc3]Hassallidin D",0.713824395029431
"324","Hantupeptin A",0.713735818476499
"325","Dudawalamide C",0.71365890881343
"326","Carbamidocyclophane F",0.713592233009709
"327","Microginin 715",0.713435795736242
"328","Microginin 612",0.71342383107089
"329","Cylindrocyclophane C2",0.712962962962963
"330","Urumamide",0.712060702875399
"331","Cylindrocyclophane A2",0.71160295103957
"332","Microginin 91D",0.711356466876972
"333","Microginin 99A",0.711231203007519
"334","Microginin 761A",0.71116846550915
"335","Microginin KR787",0.710597826086957
"336","Microginin T2",0.710221550855992
"337","Apratoxin D",0.710221465076661
"338","Microginin 645",0.71019809244314
"339","Microcolin A",0.709902912621359
"340","Aurilide C",0.709823040808957
"341","Nostocyclophane C",0.709072305593451
"342","Mycosporine-ornithine",0.709016393442623
"343","Carbamidocyclophane G",0.708158368326334
"344","Aeruginazole DA1304",0.70746334962239
"345","Carbamidocyclophane U",0.706730769230769
"346","Mycosporine-glutamic acid-glycine",0.706552706552707
"347","Wewakpeptin B",0.706538580725132
"348","Biseokeaniamide B",0.706115779645192
"349","Microginin T1",0.70609936055091
"350","Nostosin F",0.706070287539936
"351","Microginin 99B",0.706003666361137
"352","Glycosylated Palythine-threonine",0.705882352941177
"353","Merocyclophane C",0.705799151343706
"354","Homodolastatin 3",0.705740343347639
"355","Medusamide A",0.705685618729097
"356","Porpoisamide B",0.705254041570439
"357","Porpoisamide A",0.705254041570439
"358","Nostofungicine",0.705221485127327
"359","Viequeamide A",0.704619861767915
"360","Microcolin B",0.704181320828449
"361","Carbamidocyclophane B",0.703839122486289
"362","Dudawalamide A",0.703659976387249
"363","Apratoxin S9",0.703593923675435
"364","Apratoxin S4",0.703593923675435
"365","Izenamide C",0.703586497890295
"366","Apratoxin B",0.703467153284671
"367","Wewakpeptin A",0.703269586674892
"368","Microginin 680",0.702980837473385
"369","Apratyramide",0.70227698066126
"370","Apratoxin A",0.702112163146395
"371","Carbamidocyclophane N",0.701863354037267
"372","Nostosin E",0.701538461538461
"373","Norlyngbyastatin 2",0.701465201465202
"374","Apratoxin S7",0.701086956521739
"375","Microginin 765",0.7010556621881
"376","Lyngbyastatin 2",0.698893499308437
"377","Companeramide B",0.698706813356495
"378","Aeruginazole DA1274",0.698547215496368
"379","Carbamidocyclophane P",0.697885196374623
"380","Balticidin D",0.697188386450859
"381","Ulongamide C",0.697183098591549
"382","Cylindrocyclophane C3",0.696651346027577
"383","Carbamidocyclophane A",0.695639363582793
"384","Apratoxin S8",0.695526695526695
"385","Cryptophycin 43",0.695035460992908
"386","Aestuaramide A",0.694727514399646
"387","Cylindrocyclophane A3",0.694676074406671
"388","Nostocyclophane B",0.694415448851775
"389","(E)-Dehydroapratoxin A",0.694332723948812
"390","Balticidin B",0.694300090736616
"391","Carmabid B",0.693758733115976
"392","Veraguamide E",0.693133047210301
"393","Guineamide D",0.693030050083473
"394","Cryptophycin 17",0.692868098159509
"395","Veraguamide I",0.692739671079021
"396","Mycosporine-lysine",0.69245283018868
"397","Merocyclophane D",0.691446028513238
"398","Cryptophycin 49",0.690956651718983
"399","Carbamidocyclophane Q",0.689947399181765
"400","Floridamide",0.689189189189189
"401","Cylindrocyclophane C4",0.688931297709924
"402","Cryptophycin 30",0.688699360341152
"403","Dolastatin 15",0.688669615515481
"404","Apratoxin F",0.687047756874095
"405","Veraguamide G",0.686679920477137
"406","Cylindrocyclophane A4",0.68664596273292
"407","Veraguamide D",0.686593492747942
"408","Desacetylmicrocolin B",0.686406995230525
"409","Cylindrocyclophane F4",0.686287192755498
"410","Cryptophycin 176",0.684814814814815
"411","Cryptophycin 29",0.684307920059215
"412","Cryptophycin 28",0.683296378418329
"413","Cryptophycin 45",0.683025830258303
"414","Carmabin A",0.682199440820131
"415","Balticidin C",0.681924720805184
"416","Cryptophycin 26",0.681577554261514
"417","Cryptophycin 18",0.681425485961123
"418","Veraguamide J",0.680927628948421
"419","Banyaside A",0.680609501045712
"420","Ribocyclophane A",0.680369515011548
"421","Cryptophycin 4",0.68027961736571
"422","Balticidin A",0.679896167771022
"423","Cylindrocyclophane B4",0.679889298892989
"424","Anabaenolysin A",0.679725363489499
"425","Almiramide A",0.679553903345725
"426","Anabaenolysin D",0.679468772433596
"427","Aeruginozamide AEG571",0.679176755447942
"428","Cryptophycin 46",0.678981348637016
"429","Cryptophycin 3",0.678981348637016
"430","Viridamide A",0.67860151642797
"431","Anabaenolysin C",0.678494623655914
"432","Cryptophycin 50",0.678008595988538
"433","Apratoxin G",0.677717391304348
"434","Cryptophycin 15",0.677595628415301
"435","Cryptophycin 16",0.677523264137437
"436","Almiramide F",0.677300850734726
"437","Veraguamide C",0.676194205168363
"438","Anabaenolysin B",0.675361155698235
"439","Banyaside B",0.675240161140378
"440","Janadolide",0.674990091161316
"441","Cryptophycin 40",0.674625801853172
"442","Cryptophycin 107",0.674625801853172
"443","Pembamide",0.674585459183674
"444","Viridamide B",0.674343034755581
"445","Veraguamide A",0.672877449097195
"446","Cryptophycin 24",0.672852983988355
"447","Cryptophycin 19",0.672747580044676
"448","Veraguamide K",0.671811833884602
"449","Carmaphycin A",0.671356783919598
"450","Cryptophycin 25",0.671177266576454
"451","Cryptophycin 8",0.671177266576454
"452","Cryptophycin 2",0.671087533156498
"453","Cryptophycin 21",0.670800850460666
"454","Cryptophycin 175",0.670588235294117
"455","Cryptophycin 23",0.670124481327801
"456","Almiramide H",0.66941823899371
"457","Isodolastatin H",0.669106881405564
"458","Yanucamide B",0.668913560666138
"459","Dragomabin",0.668831168831169
"460","Almiramide C",0.66878612716763
"461","Almiramide E",0.668629760502552
"462","Almiramide D",0.668602400309718
"463","Carmaphycin B",0.66812865497076
"464","Hoiamide B",0.667560744714421
"465","Cryptophycin 51",0.667355371900826
"466","Symplostatin 1",0.667249213561692
"467","Cryptophycin 14",0.666390041493776
"468","Cryptophycin 55",0.666000998502246
"469","Almiramide B",0.665435745937962
"470","Hoiamide A",0.664912280701754
"471","Cryptophycin 53",0.664890918315576
"472","Veraguamide H",0.66471506635441
"473","Cryptophycin 338",0.664002062919031
"474","Malevamide D",0.663720073664825
"475","Caldoramide",0.663681592039801
"476","Cryptophycin 296",0.663351566384883
"477","Cryptophycin 326",0.662790697674418
"478","Mirabimide D",0.6626
"479","Antillatoxin-B",0.662001696352841
"480","Veraguamide L",0.661899313501144
"481","Veraguamide B",0.661685823754789
"482","Yanucamide A",0.66130329847144
"483","Credneramide A",0.660179640718563
"484","Coibacin C",0.66
"485","Cryptophycin 66",0.659565916398714
"486","Almiramide G",0.658037094281299
"487","Radiosumin",0.657579062159215
"488","Radiosumin B",0.657279489904357
"489","Cryptophycin 10",0.654138192862566
"490","Nostocyclophane A",0.650572831423895
"491","Cryptophycin 12",0.650316455696202
"492","Apramide G",0.647901740020471
"493","Trichophycin B",0.646520146520146
"494","Dragonamide A",0.646492985971944
"495","Gadusol",0.645320197044335
"496","Gallinamide A",0.644540455616654
"497","Symplostatin 4",0.644540455616654
"498","Lyngbyabellin H",0.643789556962026
"499","23-Ac-tolytoxin A",0.643530150753769
"500","Oscillariolide",0.642684108527132
"501","Cryptophycin 6",0.642521534847298
"502","Malyngamide E",0.641328413284133
"503","Lyngbyabellin E",0.641224331654398
"504","Trichotoxin A",0.640988372093024
"505","Calothrixamides B",0.640738060781476
"506","Lyngbyabellin J",0.638749517560787
"507","Lyngbyabellin I",0.636948529411764
"508","Malyngamide R",0.636395511921458
"509","Phormidolide",0.6359918200409
"510","6,8-di-O-acetylmalyngamide",0.635610079575597
"511","Phycoerythrobilin",0.634584013050571
"512","Lyngbyabellin F",0.634304932735426
"513","Malyngamide Q",0.633380884450784
"514","Cryptophycin G",0.633193277310925
"515","9-epi-sacrolide A",0.632142857142857
"516","Sacrolide A",0.632142857142857
"517","Oscillatoxin I",0.632015617374329
"518","Tricholide A",0.631484794275492
"519","Coibacin A",0.630630630630631
"520","Phycocyanobilin",0.630488406512087
"521","Lyngbyabellin D",0.629786286731968
"522","Cusperin A",0.629456706281833
"523","Calothrixamides A",0.62890625
"524","Koshikalide",0.62807881773399
"525","Tolyporphin C",0.627835051546392
"526","Tumonoic acid F",0.62751677852349
"527","Isomalyngamide B",0.627384196185286
"528","Malyngamide B",0.627384196185286
"529","Tolyporphin B",0.627317676143387
"530","Nhatrangin A",0.626998223801066
"531","15,16-dihydrosacrolide A",0.626179245283019
"532","Lyngbic acid",0.625690607734807
"533","Malyngamide",0.625679347826087
"534","Isomalyngamide A",0.625179856115108
"535","Malyngamide A",0.625179856115108
"536","Nostocyclyne A",0.625
"537","Ypaoamide A",0.624047417442845
"538","Pitiamide A",0.623543123543123
"539","Tricholide B",0.622881355932204
"540","Dragonamide C",0.621673736984188
"541","Malyngamide W",0.621478873239437
"542","2,5-dimethyldodecanoic acid",0.621301775147929
"543","Cryptophycin 7",0.621198568872988
"544","Trichophycin C",0.620649651972158
"545","Parguerene",0.620527306967985
"546","Dragonamide D",0.620077972709552
"547","8-O-acetyl-8-epi-malyngamide C",0.619914346895075
"548","Malyngamide 4",0.619419642857143
"549","Grenadamide C",0.618811881188119
"550","Biopterin-a-glucoside",0.618721461187214
"551","Tumonoic acid D",0.618686868686869
"552","epi-tumonoic acid D",0.618686868686869
"553","Lyngbyatoxin A",0.6185
"554","Teleocidin-A2 19(S)",0.6185
"555","Dragonamide B",0.61839035769829
"556","Malyngamide K",0.618213660245184
"557","Anaephene C",0.617977528089887
"558","7-methoxy-9-methylhexadecadienoic acid",0.617647058823529
"559","Malyngamide Y",0.617416829745597
"560","Trichophycin F",0.616838487972509
"561","Biselyngbyaside B",0.616153430578066
"562","Semiplenamide C",0.615812917594655
"563","Malyngamide M",0.614250614250615
"564","Microcystbiopterin E",0.613868613138686
"565","Biselyngbyaside D",0.613597733711048
"566","1Z-pitiamide B",0.613340563991323
"567","1E-pitiamide B",0.613340563991323
"568","Malyngamide T",0.612929623567921
"569","Malyngamide N",0.611558156547183
"570","Grenadamide",0.611416026344676
"571","Hermitamide B",0.609972041006524
"572","Malyngamide O",0.60996015936255
"573","Glucosylsucrose",0.609547123623011
"574","Lyngbyatoxin C",0.609510086455332
"575","Malyngamide P",0.609260763606823
"576","Phormidinine B",0.609116022099447
"577","Malyngolide",0.608527131782945
"578","Lyngbioic acid",0.608108108108108
"579","Gloeolactone",0.607611548556431
"580","Mueggelone",0.607611548556431
"581","Grenadamide B",0.6073512252042
"582","Microcystbiopterin D",0.607287449392713
"583","(-)-7-methoxydodec-4(E)-enoic acid",0.606936416184971
"584","Malyngamide H",0.606180665610142
"585","Caldorin",0.606164383561644
"586","Curacin B",0.605203619909503
"587","Curacin A",0.605203619909503
"588","Curacin C",0.605203619909503
"589","Hermitamide A",0.604602510460251
"590","Grenadadien",0.604265402843602
"591","Laingolide",0.603621730382294
"592","Microcystbiopterin B",0.603299856527977
"593","Credneramide B",0.602848101265823
"594","11-Carboxyanatoxin-a",0.602620087336245
"595","Palmyrolide A",0.602510460251046
"596","3-phenylethyl-2'-deoxyuridine",0.60250569476082
"597","Debromogrenadadien",0.601485148514851
"598","Makalikone ester",0.601136363636363
"599","Hydroxycyanobacterin",0.600952380952381
"600","13-O-Acetyldecarbamoylsaxitoxin",0.600946372239747
"601","Santacruzamate A",0.600271002710027
"602","Curacin D",0.6
"603","Anaephene A",0.6
"604","Ypaoamide B",0.599595551061679
"605","Caracolamide A",0.598802395209581
"606","N-octanoyl-homoserine lactone",0.598290598290598
"607","11-Hydroxysaxitoxin",0.598214285714285
"608","11alpha-hydroxysaxitoxin",0.598214285714285
"609","Makalika ester",0.598191214470284
"610","Taveuniamide K",0.597560975609756
"611","Mirabilene C isonitrile",0.597292724196278
"612","Mirabilene B isonitrile",0.597292724196278
"613","Mirabilene D isonitrile",0.597292724196278
"614","Acetamino-tridecane",0.597260273972603
"615","Nostoclide 2",0.59719222462203
"616","Saxitoxin",0.59717868338558
"617","Herbamide B",0.597051597051597
"618","Ypaoamide C",0.596920289855073
"619","Mirabilene E isonitrile",0.595840867992766
"620","beta-amino-N-methylalanine",0.595744680851064
"621","(S)-2,4-diaminobutyric acid",0.595744680851064
"622","Fontonamide",0.595588235294118
"623","Neosaxitoxin",0.594674556213017
"624","7-Deoxy-Cylindrospermopsin",0.594124047878128
"625","Kalkitoxin",0.594059405940594
"626","11,11-Dihydroxysaxitoxin",0.593837535014005
"627","Mooreamide A",0.592741935483871
"628","11-Hydroxydecarbamoylsaxitoxin",0.591695501730104
"629","Phormidinine A",0.591614906832298
"630","Laucysteinamide A",0.590744101633394
"631","Taveuniamide A",0.590507726269315
"632","Tricholactone",0.58984375
"633","Decarbamoylneosaxitoxin",0.589655172413793
"634","Prenostodione",0.589368258859784
"635","Decarbamoylsaxitoxin",0.589090909090909
"636","Taveuniamide C",0.588693957115009
"637","Taveuniamide B",0.588050314465409
"638","13-O-Acetyl-12beta-deoxydecarbamoylsaxitoxin",0.587947882736157
"639","Malyngic acid",0.587563451776649
"640","Deschloro 12-epi-fischerindole W nitrile",0.587563451776649
"641","Acetamino-trichlorodecane",0.586787564766839
"642","N-butyryl-L-homoserine lactone",0.586633663366336
"643","Taveuniamide F",0.586436170212766
"644","N-Sulfocarbamoylgonyautoxin-3",0.5859375
"645","N-Sulfocarbamoylgonyautoxin-4",0.5859375
"646","Not named CyanoMetDB_1749",0.584958217270195
"647","4S-Hydroxyhomoanatoxin-a",0.584821428571428
"648","4R-Hydroxyhomoanatoxin-a",0.584821428571428
"649","12-epi-Hapalindole C isonitrile",0.584295612009238
"650","12-epi-Hapalindole Q isonitrile",0.584295612009238
"651","11-Hydroxy-N-sulfocarbamoylsaxitoxin",0.583529411764706
"652","Nostocarboline",0.583333333333333
"653","Gonyautoxin-5",0.582920792079208
"654","N-Sulfocarbamoylgonyautoxin-1",0.582329317269076
"655","N-Sulfocarbamoylgonyautoxin-2",0.582329317269076
"656","Gonyautoxin-4",0.582222222222222
"657","Gonyautoxin-1",0.582222222222222
"658","Gonyautoxin-6",0.582159624413146
"659","8-Acetamido-1,1,15,15-tetrachloropentadeca-3-yne",0.582105263157894
"660","12,12-Dideoxydecarbamoylsaxitoxin",0.582
"661","Anaephene B",0.581661891117478
"662","13-O-acetyldecarbamoylsaxitoxin-11alpha-O-sulfate",0.581039755351682
"663","Decarbamoylgonyautoxin-1",0.580519480519481
"664","Decarbamoylgonyautoxin-4",0.580519480519481
"665","M5",0.580502215657312
"666","4,9-Seco-11,11-dihydroxy-N-sulfocarbamoylsaxitoxin",0.580502215657312
"667","6-O-tetraacetyl(A,B,C,E)-alpha-cyclodextrin",0.580402010050251
"668","Trichothiazole A",0.580110497237569
"669","12-epi-Hapalindole E isonitrile",0.580043859649123
"670","Hapalindole D",0.580043859649123
"671","Hapalindole Q",0.580043859649123
"672","Pukeleimide D",0.580037664783428
"673","11-11-dihydroxy-N21-sulfocarbamoylsaxitoxin",0.58
"674","11,11-Dihydroxy-N-sulfocarbamoylsaxitoxin",0.58
"675","Calothrixin A",0.57981220657277
"676","13-O-acetyl-12beta-deoxydecarbamoylsaxitoxin-11beta-O-sulfate",0.579652996845426
"677","6-O-tetraacetyl(A,B,D,E)-alpha-cyclodextrin",0.579617834394905
"678","12alpha-Deoxydecarbamoylsaxitoxin",0.579245283018868
"679","12beta-Deoxydecarbamoylsaxitoxin",0.579245283018868
"680","Chlorohyellazole",0.578947368421053
"681","12-epi-fischerindole W nitrile",0.578774617067834
"682","Taveuniamide E",0.577634011090573
"683","Tjipanazole A2",0.577524038461539
"684","Tjipanazole A1",0.577524038461539
"685","Gonyautoxin-2",0.577507598784194
"686","Honaucin B",0.577399380804953
"687","Decarbamoylgonyautoxin-3",0.576086956521739
"688","Decarbamoylgonyautoxin-2",0.576086956521739
"689","11beta-hydroxy-N21-sulfocarbamoylsaxitoxin",0.576072821846554
"690","Hapalindole F",0.576041666666666
"691","12beta-Deoxydecarbamoyloxygonyautoxin-3",0.57601880877743
"692","Tjipanazole I",0.575342465753425
"693","Calothrixin B",0.575320512820513
"694","decarbamoyloxysaxitoxin",0.574906367041198
"695","Ovatoxin-a",0.574394939493949
"696","11beta-hydroxysaxitoxin",0.574285714285715
"697","Hapalindolinone B",0.573529411764706
"698","Deoxypalytoxin",0.573435977392321
"699","Neopalytoxin",0.573368929768494
"700","6-O-triacetyl(A,B,D)-beta-cyclodextrin",0.573192855149316
"701","Ostreocin-D",0.573096646942801
"702","6-O-triacetyl(A,B,E)-beta-cyclodextrin",0.572873082287308
"703","Palytoxin",0.572843710095577
"704","Bishomopalytoxin",0.572834269555581
"705","Homopalytoxin",0.572829347073752
"706","8-Acetamido-1,1,15,15,15-pentachloropentadeca-3-yne",0.572564612326043
"707","(42S-50S)42-hydroxypalytoxin",0.572169304040559
"708","(42S-50R)42-hydroxypalytoxin",0.572169304040559
"709","7-formyl-3-methoxy-5-methylindanone",0.571884984025559
"710","Mirabilene F isonitrile",0.571812080536913
"711","Honaucin C",0.571090047393365
"712","2,3-Epoxyhomoanatoxin-a",0.570075757575757
"713","Eucapsitrione",0.569832402234637
"714","Tjipanazole D",0.569767441860465
"715","Anatoxin-a",0.569711538461539
"716","Gonyautoxin-3",0.568677792041078
"717","Taveuniamide D",0.568245125348189
"718","Decarbamoyloxylgonyautoxin-2",0.567796610169491
"719","Decarbamoyloxygonyautoxin-3",0.567796610169491
"720","cis-Dihydrohomoanatoxin-a",0.566137566137566
"721","trans-Dihydrohomoanatoxin-a",0.566137566137566
"722","Fischerellin B",0.566098081023454
"723","Taveuniamide H",0.566037735849056
"724","Taveuniamide I",0.564893617021276
"725","Pukeleimide B",0.564655172413793
"726","Pukeleimide A",0.564655172413793
"727","Tetrahydroindol 2",0.563953488372093
"728","12alpha-Deoxydecarbamoyloxysaxitoxin",0.563953488372093
"729","12beta-Deoxydecarbamoyloxysaxitoxin",0.563953488372093
"730","Palytoxin carboxylic acid",0.563774482147175
"731","Bauerine C",0.563517915309447
"732","Crossbyanol B",0.563216821409066
"733","Bauerine A",0.5625
"734","Crossbyanol A",0.560518731988472
"735","N,7-Dimethylindole-3-carbaldehyde",0.560311284046693
"736","beta-N-methylamino-L-alanine",0.56
"737","Tetrahydroindol 3",0.56
"738","Crossbyanol D",0.559964333481944
"739","3-acetyl-2'-deoxyuridine",0.559382422802851
"740","Bauerine B",0.559322033898305
"741","trans-Dihydroanatoxin-a",0.558962264150944
"742","cis-Dihydroanatoxin-a",0.558962264150944
"743","Taveuniamide G",0.557831325301205
"744","8-Acetamido-1,1,1,15,15-pentachloropentadeca-3,12-diyne",0.55705996131528
"745","4,5-dihydroxy-1-methyl-anthraquinone",0.556917688266199
"746","Taveuniamide J",0.556490384615384
"747","Tetrahydroindol 4",0.552469135802469
"748","4,8-dimethyl-6-hydroxyquinoline",0.551724137931034
"749","Honaucin A",0.549618320610687
"750","1-ethenoxy-2-methylbenzene",0.549568965517241
"751","Ambigol B",0.549090909090909
"752","Guanitoxin",0.549056603773585
"753","Acetamino-hexachloropentadecadiyne",0.548989113530327
"754","8-Acetamido-1,1,1,15,15,15-hexachloropentadeca-3,12-diyne",0.548989113530327
"755","Nakitriol",0.547272727272727
"756","Bromoanaindolone",0.545454545454545
"757","2,4-dichlorobenzoic acid",0.534274193548387
"758","(2S,4S)-5,5-dichloroleucine",0.530516431924883
"759","gamma-cyclodextrin",0.450282854656223
"760","Ambigol A",0.449895615866388
"761","Aulosirazole",0.448214285714286
"762","Ambigol C",0.446808510638298
"763","Pukeleimide E",0.445929526123937
"764","beta-cyclodextrin",0.442818791946309
"765","2,3-Epoxyanatoxin-a",0.44170403587444
"766","Crossbyanol C",0.440380047505938
"767","6-O-acetyl-beta-cyclodextrin",0.437243326488707
"768","Lyngbyacarbonate",0.436046511627907
"769","Barbaleucamide A",0.434907834101383
"770","Aphanorphine",0.433399602385686
"771","4-hydroxy-7-methyl-1-indanone",0.433014354066986
"772","Tjipanazole J",0.432545201668984
"773","Dysidenamide",0.432545201668984
"774","Welwitindolinone C isothiocyanate",0.431841831425599
"775","6-O-diacetyl(A,B)-beta-cyclodextrin",0.431589290100713
"776","Nakienone B",0.430434782608695
"777","N-methylwelwitinsolinone C isonitrile",0.43027027027027
"778","N-methylwelwitindolinone C isothiocyanate",0.429634641407307
"779","Mirabazole C",0.428827751196173
"780","3-hydroxy-N-methylwelwitindolinone C isothiocyanate",0.427760577915376
"781","Nostotrebin 6",0.427662957074722
"782","Tjipanazole G2",0.427463503649635
"783","Tjipanazole G1",0.427463503649635
"784","6-O-acetyl-alpha-cyclodextrin",0.42698973042362
"785","Hapalindolinone A",0.426857142857143
"786","6-O-diacetyl(A,C)-alpha-cyclodextrin",0.426599939338793
"787","6-O-diacetyl(A,B)-alpha-cyclodextrin",0.426599939338793
"788","12-epi-Fischerindole I isonitrile",0.426470588235294
"789","12-epi-fischerindole I nitrile",0.426470588235294
"790","Pukeleimide G",0.426020408163265
"791","3-hydroxy-N-methylwelwitindolinone C isonitrile",0.425611052072264
"792","Nakienone A",0.425438596491228
"793","Tjipanazole C4",0.425196850393701
"794","Tjipanazole C2",0.425196850393701
"795","Tjipanazole C3",0.425196850393701
"796","Tjipanazole C1",0.425196850393701
"797","Welwitindolinone A isonitrile",0.424885321100917
"798","12-epi-fischerindole G isonitrile",0.424689440993789
"799","Fischerindole L",0.424689440993789
"800","Mirabilene A isonitrile",0.424195223260644
"801","Welwitindolinone B isothiocyanate",0.423413566739606
"802","6-O-triacetyl(A,C,E)-alpha-cyclodextrin",0.423132391116239
"803","6-O-triacetyl(A,B,C)-alpha-cyclodextrin",0.422965954991344
"804","Hapalindole A isothiocyanate",0.422899884925201
"805","N-methylwelwitindolinone D isonitrile",0.422542735042735
"806","Pseudodysidenin",0.421875
"807","Tjipanazole F2",0.42115971515768
"808","Tjipanazole F1",0.42115971515768
"809","Deschloro 12-epi-fischerindole I nitrile",0.420967741935484
"810","Homoanatoxin-a",0.420930232558139
"811","Hapalindole L",0.420710059171597
"812","12-epi-Hapalindole G",0.420710059171597
"813","Tjipanazole E",0.420433145009416
"814","Hapalindole O",0.420231213872832
"815","Mirabazole B",0.419526627218935
"816","Hapalindole M",0.419278996865204
"817","Anhydrohapaloxindole B",0.419117647058823
"818","3-epi-welwitindolinone B isothiocyanate",0.418817204301075
"819","Hapalindole A",0.418367346938776
"820","12-epi-fisherindole U isothiocyanate",0.418367346938776
"821","Microguanidine DA368",0.418262150220913
"822","Nordysidenin",0.418013856812933
"823","Tjipanazole B",0.417746759720838
"824","12-epi-Hapalindole H",0.416260162601626
"825","12-epi-Hapalindole J isonitrile",0.416260162601626
"826","Anhydrohapaloxindole A",0.416030534351145
"827","Ambiguine A isonitrile",0.415700737618546
"828","Ambiguine P",0.415472779369628
"829","12-epi-fischerindole U isonitrile",0.415309446254072
"830","Fischerellin A",0.415162454873646
"831","Hapalonamide A",0.414578587699316
"832","Didehydromirabazole A",0.413390663390663
"833","Nostoclide 1",0.41320406278855
"834","Trichophycin E",0.412765957446808
"835","4-Oxohomoanatoxin-a",0.412556053811659
"836","Ambiguine H isonitrile",0.412133891213389
"837","Ambiguine Q nitrile",0.411671924290221
"838","Anhydrohapaloxindole M",0.411538461538462
"839","Trichotoxin B",0.411167512690356
"840","7-Deoxy-desulfo-cylindrospermopsin",0.411010558069381
"841","Ambiguine G nitrile",0.410585817060637
"842","Y-lactone 2",0.41044776119403
"843","Tolyporphin J",0.409983633387889
"844","Trichophycin D",0.409691629955947
"845","Tetrahydroindol 5",0.409387222946545
"846","Aranazole B",0.409262048192771
"847","Ambiguine C isonitrile",0.408848614072495
"848","Ambiguine L isonitrile",0.408848614072495
"849","13-hydroxy dechlorofontonamide",0.40814696485623
"850","Ambiguine B isonitrile",0.407908428720083
"851","Hapalindole T",0.40715109573241
"852","Aranazole A",0.407028469750889
"853","tetraacyl-sulfo-quinovopyranosyl glycerol",0.406253877652314
"854","Glucosylsucrose derivative 4",0.406152782578638
"855","Aranazole C",0.405245346869712
"856","Fischambiguine A",0.405082987551867
"857","Cylindrospermopsin",0.40478905359179
"858","7-Epicylindrospermopsin",0.40478905359179
"859","Nakienone C",0.401826484018265
"860","Ambiguine K isonitrile",0.401682439537329
"861","Microcystbiopterin A",0.401587301587301
"862","Microcystbiopterin C",0.401425178147269
"863","Dysideaproline F",0.400713436385255
"864","Aranazole D",0.400087642418931
"865","Mirabimide E",0.399891774891775
"866","Dysideaproline A",0.39907192575406
"867","Laingolide B",0.398960739030023
"868","Glucosylsucrose derivative 3",0.39760348583878
"869","Tanikolide",0.397081413210445
"870","Kalkipyrone B",0.396797153024911
"871","Dysideaproline E",0.396678966789668
"872","Glucosylsucrose derivative 2",0.395799236224768
"873","2-epi-lyngbyaloside",0.395672333848532
"874","Lyngbyaloside",0.395672333848532
"875","Laingolide A",0.395595432300163
"876","Barbamide",0.395265423242467
"877","7-Deoxy-desulfo-12-acetylcylindrospermopsin",0.394803548795944
"878","Dysideaproline C",0.394230769230769
"879","Ankaraholide B",0.39414652931549
"880","Samholide D",0.393933501847171
"881","Samholide C",0.393933501847171
"882","Jamaicamide A",0.393838467943381
"883","Madangolide",0.393793103448276
"884","Dysideaproline D",0.393695920889988
"885","Tantazole I",0.393647738209817
"886","Cyanolide A",0.39282700421941
"887","Ankaraholide A",0.392693619094009
"888","Samholide H",0.392533936651583
"889","Tolyporphin G",0.392361111111111
"890","Tolyporphin H",0.392361111111111
"891","Tolyporphin I",0.392095914742451
"892","20-Nor-3alpha-acetoxy-12-hydroxy-abieta-5,7,9,11,13-pentaene",0.391169154228856
"893","Yoshinone A",0.390857142857143
"894","Jamaicamide B",0.390745501285347
"895","Somocystinamide A",0.390625
"896","Smenamide C",0.390176088971269
"897","Smenamide D",0.390176088971269
"898","Samholide B",0.389977260801119
"899","Samholide A",0.389977260801119
"900","Samholide F",0.389870490286772
"901","Samholide G",0.389870490286772
"902","Samholide E",0.389870490286772
"903","Cryptomaldamide",0.389487870619946
"904","Jamaicamide C",0.389175257731959
"905","Dysideaproline B",0.388633754305396
"906","Hoshinolactam",0.388494318181818
"907","20-Nor-3alpha-acetoxy-abieta-5,7,9,11,13-pentaene",0.388415672913118
"908","Kalkipyrone A",0.387603305785124
"909","Microcarbonin A",0.387259858442871
"910","18Z-lyngbyaloside C",0.386876006441224
"911","18E-lyngbyaloside C",0.386876006441224
"912","Dechlorobarbamide",0.386466165413534
"913","Yoshinone B2",0.385780885780886
"914","Columbamide B",0.38544474393531
"915","methyl tumonoate A",0.383928571428572
"916","Not named CyanoMetDB_1645",0.383906633906634
"917","Swinholide A",0.383705650459921
"918","Cyanobacterin",0.383561643835617
"919","Tolyporphin K",0.382220216606498
"920","Biselyngbyaside C",0.382046332046332
"921","Ambiguine O isonitrile",0.381958762886598
"922","Muscoride B",0.381840796019901
"923","Teleocidin B",0.381693648816937
"924","deprenylmuscoride A",0.381318681318682
"925","Columbamide A",0.3810888252149
"926","Malyngamide I",0.381083562901744
"927","Ambiguine N isonitrile",0.380165289256199
"928","Tumonoic acid E",0.38015873015873
"929","Fischambiguine B",0.380042462845011
"930","N-demethyl-isomalyngamide I",0.379830348727616
"931","Semiplenamide F",0.379511059371362
"932","Ambiguine I isonitrile",0.379498364231188
"933","Lyngbyaloside B",0.379380603096985
"934","Muscoride A",0.379310344827586
"935","ethyl tumonoate A",0.379184861717613
"936","Lyngbyatoxin B",0.378801843317973
"937","nostoc-756",0.378345498783455
"938","Nhatrangin B",0.378142076502732
"939","Lyngbouilloside",0.378041362530413
"940","Circinamide",0.37778958554729
"941","Tumonic acid A",0.377708978328174
"942","Columbamide C",0.377183967112025
"943","Takinolide seco-acid",0.376955903271692
"944","Trichophycin A",0.376742160278746
"945","Sanctolide A",0.376256281407035
"946","Hoiamide D",0.375950241879751
"947","Malyngamide 2",0.375925925925926
"948","Malyngamide V",0.375763747454175
"949","Malyngamide U",0.375763747454175
"950","Lyngbyabellin M",0.375683060109289
"951","Malyngamide C",0.375607385811468
"952","8-epi-malyngamide C",0.375607385811468
"953","Ambiguine F isonitrile",0.375520833333334
"954","Serinolamide A",0.375498007968127
"955","Samholide I",0.375487115021998
"956","Ambiguine M isonitrile",0.375401069518716
"957","Semiplenamide G",0.375291375291376
"958","Ambiguine E isonitrile",0.374732334047109
"959","Tolyporphin D",0.37404047452896
"960","1050-Da MAA",0.373601053324556
"961","Malyngamide J",0.373221216041397
"962","Ambiguine J isonitrile",0.372717508055854
"963","deprenylmuscoride B",0.37270087124879
"964","Smenamide E",0.372462488967343
"965","Scytophycin A",0.371995820271682
"966","(2-(palmitoyloxy)ethyl)phosphate",0.370668316831683
"967","Borophycin",0.369797041623667
"968","Malyngamide L",0.369127516778524
"969","Besarhanamide A",0.36875
"970","Ambiguine D isonitrile",0.368282402528978
"971","Semiplenamide E",0.367796610169492
"972","Cybastacine A",0.36731843575419
"973","Propenediester",0.367272727272728
"974","Semiplenamide A",0.366230677764566
"975","1-(2-Hydroxy-phenoxy)-trieicos-1-en-3-one",0.366088631984586
"976","Chlorophyll a",0.36591086786552
"977","Pheophytin a",0.36591086786552
"978","Columbamide E",0.365876777251185
"979","Nosperin",0.365774533657745
"980","Hierridin B",0.365702479338843
"981","7-OMe-scytophycin B",0.365650969529086
"982","Micropeptin KT636",0.365509761388287
"983","6-O-acetylmalyngamide",0.364450127877238
"984","Tolytoxin",0.36405750798722
"985","Malyngamide 3",0.36331569664903
"986","Cusperin B",0.362860192102454
"987","17-bromo-30-methyloscillatoxin D",0.362761506276151
"988","Scytophycin D",0.362672322375397
"989","Columbamide D",0.361391129032258
"990","Scytophycin B",0.360864941510103
"991","6-OH-scytophycin B",0.360821382007822
"992","6-OH-7-Ome-15-O-deMe-scytophycin B",0.360781577110956
"993","Oscillatoxin G",0.360588716271463
"994","Scytophycin C",0.360310021629416
"995","Besarhanamide B",0.360222531293463
"996","Lyngbyabellin G",0.359681945743686
"997","Chlorophyll f",0.359344894026975
"998","Manauealide C",0.359197577592733
"999","7-OMe-29-OAc-scytophycin B",0.359030837004406
"1000","7-Ac-scytophycin B",0.358596134282808
"1001","6-OH-7-OMe-scytophycin E",0.358324715615305
"1002","7-OMe-19-deMe-scytophycin D/E",0.358221963974434
"1003","Mirabimide C",0.358202247191011
"1004","19-O-deMe-scytophycin C",0.358140389562661
"1005","Tolyporphin E",0.35811320754717
"1006","Dolabellin",0.357899807321773
"1007","Largazole",0.357838795394154
"1008","Aeruginosamide",0.35761316872428
"1009","Semiplenamide B",0.357062780269058
"1010","Semiplenamide D",0.356892523364486
"1011","6-OH-scytophycin D/E",0.356461156709296
"1012","Tolyporphin F",0.355882352941177
"1013","Guineamide",0.355394378966455
"1014","Oscillatoxin H",0.354788069073783
"1015","Dragonamide E",0.354193273733504
"1016","Lyngbyabellin C",0.354166666666667
"1017","20,21-didehydroacutiphycin",0.353783231083844
"1018","Scytophycin E",0.353763440860215
"1019","Manauealide B",0.353462157809984
"1020","Antillatoxin-A",0.352517985611511
"1021","Belamide A",0.352033974072418
"1022","Mirabimide A",0.351744186046511
"1023","Debromoaplysiatoxin",0.351575456053068
"1024","19-Bromoaplysiatoxin",0.351298190401259
"1025","Acutiphycin",0.350462487153134
"1026","Majusculamide B",0.349438202247191
"1027","Majusculamide A",0.349438202247191
"1028","19,21-Dibromooscillatoxin A",0.348214285714285
"1029","Aplysiatoxin",0.348214285714285
"1030","Oscillatoxin A",0.348030821917808
"1031","neo-debromoaplysiatoxin A",0.347789824854045
"1032","Anhydrodebromoaplysiatoxin",0.346861924686192
"1033","Manauealide A",0.346623270951994
"1034","neo-debromoaplysiatoxin B",0.345212765957447
"1035","Microguanidine AL772",0.34512242518461
"1036","21-Bromooscillatoxin A",0.345058626465661
"1037","Anhydroaplysiatoxin",0.343980343980344
"1038","Hectochlorin",0.343171806167401
"1039","Lyngbyabellin K",0.343065693430657
"1040","Mirabimide B",0.34284399447768
"1041","Hapalosin",0.341735052754983
"1042","Amantelide B",0.33991008991009
"1043","Dolastatin 10",0.339904420549582
"1044","Nuiapolide",0.338588989845003
"1045","Amantelide A",0.338588989845003
"1046","Bastimolide A",0.338235294117647
"1047","Tumonoic acid I",0.338166510757718
"1048","Cryptophycin 292",0.337554585152839
"1049","Lyngbyapeptin D",0.337134251290878
"1050","Dysinosin B",0.33595064498037
"1051","methyl tumonoate B",0.335598980458793
"1052","Tumonoic acid H",0.335514018691589
"1053","Cryptophycin 31",0.335388127853882
"1054","Aeruginozamide AEG693",0.335109926715523
"1055","Takinolide dimer",0.334995843724023
"1056","Tumonoic acid G",0.334770114942529
"1057","Scytoscalarol",0.333333333333333
"1058","Symplostatin 3",0.331929402326514
"1059","Sulfoquinovosyldiacylglycerol",0.331562974203338
"1060","Cryptophycin 327",0.330345136709995
"1061","Cryptophycin 38",0.330345136709995
"1062","Cryptophycin 1",0.330345136709995
"1063","Cryptophycin 77",0.330345136709995
"1064","Malyngolide dimer",0.330275229357798
"1065","Apramide B",0.330198537095089
"1066","Apramide A",0.329548387096774
"1067","Cryptophycin 309",0.328898894801473
"1068","Lyngbyapeptin A",0.328540772532189
"1069","Cryptophycin 101",0.327330031517335
"1070","Cryptophycin 54",0.327330031517335
"1071","Aeruginozamide AEG707",0.326859776168532
"1072","Aeruginozamide AEG705",0.326859776168532
"1073","Cryptophycin 5",0.326164874551972
"1074","Cryptophycin 13",0.325702075702075
"1075","Apramide E",0.325691598360656
"1076","Apramide D",0.325537294563843
"1077","Apramide C",0.325370033757466
"1078","Lyngbyabellin B",0.325264084507042
"1079","Coibamide A",0.325233981281497
"1080","Aeruginozamide AEG721",0.325064432989691
"1081","Guineamide C",0.323675871435039
"1082","Cryptophycin 63",0.322368421052632
"1083","15-norlyngbyapeptin A",0.322261328640563
"1084","Cryptophycin 9",0.321963028169014
"1085","Jahanane",0.321866041178003
"1086","Apramide F",0.321419486135843
"1087","Aeruginozamide AEG667",0.320586132952108
"1088","Jahanene (ene)",0.320470588235294
"1089","Westiellamide",0.320289855072464
"1090","Lyngbyabellin A",0.320103537532355
"1091","Cryptophycin 65",0.31925165962583
"1092","Nostosin A",0.318840579710145
"1093","Obyanamide",0.31855575868373
"1094","Ulongamide B",0.318181818181818
"1095","Caylobolide B",0.317579250720461
"1096","Tumonoic acid C",0.317307692307693
"1097","Mooreaside A",0.316957210776545
"1098","Suomilide",0.316852966466036
"1099","Tumonoic acid B",0.316472694717994
"1100","Deoxygadusol",0.315934065934066
"1101","11-hydroxytolypodiol",0.315276273022752
"1102","Ulongamide D",0.314901960784314
"1103","Guineamide B",0.314782608695652
"1104","Dysinosin C",0.313540912382332
"1105","Palmyramide A",0.313196611680784
"1106","Ulongamide A",0.31239092495637
"1107","Dysinosin D",0.309543230016313
"1108","Ulongamide E",0.309192825112107
"1109","Guineamide A",0.308836789900812
"1110","(2S)-1-O-Palmitoyl-3-O-beta-D-galactopyranosylglycerol",0.308781869688386
"1111","Bisebromoamide",0.308522114347357
"1112","Microginin 527 methyl ester",0.308423913043478
"1113","Apratoxin E",0.307768529528339
"1114","Itralamide A",0.307643581081081
"1115","Aeruginozamide AEG625",0.307450980392157
"1116","Mitsoamide",0.307115063924402
"1117","Biseokeaniamide A",0.305184285135683
"1118","27-deoxylyngbyabellin A",0.305137289636847
"1119","Patellamide D",0.304655870445344
"1120","Brintonamide B",0.303647652308886
"1121","Aeruginazole DA1497",0.302681740502169
"1122","Hoshinoamide B",0.302477183833116
"1123","Dysinosin A",0.301991150442478
"1124","Microginin 688",0.301615168539326
"1125","8-[(5-carboxy-2,9-epoxy)benzyl]-2,5-dihydroxy-1,1,4a,7,8-pentamethyl-1,2,3,4,4a,6,7,8,9,10,10a-dodecahydrophenanthrene",0.301598837209302
"1126","Microginin 511",0.301343570057582
"1127","Microginin 704",0.3
"1128","Microcyclamide GL616",0.3
"1129","Norbisebromoamide",0.299612510379186
"1130","Brintonamide A",0.297724643270343
"1131","Microginin 527",0.296698113207547
"1132","Itralamide B",0.296465696465697
"1133","Microginin 478",0.294913863822805
"1134","Micromide",0.294765342960289
"1135","Apratoxin H",0.294619173929519
"1136","Dolastatin 3",0.294425087108014
"1137","Aeruginosin 878A",0.294160852001469
"1138","Apratoxin A sulfoxide",0.294084186575654
"1139","Aeruginozamide AEG639",0.294071762870515
"1140","Aeruginosin 892",0.29320455329424
"1141","(2S)-3-O-beta-D-galactopyranosyl-1-O-(9Z,12Z-octadecadienoyl)-2-O-(4Z-hexadecenoyl)glycerol",0.293134328358209
"1142","Microginin 747B",0.292829949238579
"1143","Brintonamide C",0.292365771812081
"1144","Hassallidin C",0.292317779477652
"1145","Brintonamide E",0.292234081707766
"1146","Brintonamide D",0.292234081707766
"1147","Biseokeaniamide C",0.291946308724832
"1148","Tolypodiol",0.29172610556348
"1149","Microginin 747A",0.291666666666667
"1150","Microginin 741C",0.291006966434452
"1151","Antanapeptin D",0.290873702422145
"1152","Microginin GH787",0.29013079667063
"1153","Aeruginosin 878B",0.289694280078896
"1154","Microginin 91A",0.289541918755402
"1155","Microginin 725",0.289437109103544
"1156","Kakeromamide A",0.289029535864979
"1157","Nostoginin BN741",0.289007092198582
"1158","Linear Nodularin-R",0.288627722087798
"1159","Grassystatin A",0.288623435722412
"1160","Microginin KR835",0.28824200913242
"1161","Aeruginosin 848",0.287925696594427
"1162","Microginin 91E",0.287622149837134
"1163","Microginin 91B",0.287141615986099
"1164","Apratoxin C",0.287069988137604
"1165","[C141, ManAc3]Hassallidin D",0.287044759521824
"1166","[C141, ManAc2]Hassallidin D",0.286985539488321
"1167","[C141, ManAc1]Hassallidin D",0.286926286509041
"1168","[C141, Man]Hassallidin D",0.286867000556483
"1169","Microginin 739B",0.286794130724767
"1170","Grassystatin B",0.286164939161785
"1171","Microginin 713",0.286096256684492
"1172","Microginin 299D",0.284661754855994
"1173","Microginin 771",0.284605834885164
"1174","Malevamide E",0.284387065637066
"1175","Microginin 755B",0.284360189573459
"1176","Tiahuramide A",0.28427159432746
"1177","Microcyclamide MZ602",0.284182305630027
"1178","Cyanostatin B",0.284051724137931
"1179","Aeruginosin 102B",0.283552631578948
"1180","Aeruginosin 865",0.283536585365853
"1181","Microginin 683",0.283236994219653
"1182","Microginin 576",0.282722513089005
"1183","Ulongamide F",0.282483156881617
"1184","Microginin 91C",0.281952247191011
"1185","Aeruginosin 828A",0.281893004115226
"1186","Malevamide C",0.281724924012158
"1187","Malevamide A",0.28169014084507
"1188","Antanapeptin A",0.281182563659905
"1189","Microginin SD755",0.280640970116934
"1190","Aeruginosin 850",0.280125195618154
"1191","Wewakazole B",0.280097993467102
"1192","Wewakazole",0.279940119760479
"1193","Aeruginosin 596A",0.279921700223713
"1194","Tasiamid D",0.279537149817296
"1195","Izenamide A",0.279462875197472
"1196","Microginin 741A",0.279101123595506
"1197","Microginin 578C",0.278540772532189
"1198","Microginin 717",0.278301886792453
"1199","Microginin 757",0.278062860808211
"1200","Microginin 649",0.277989337395278
"1201","Hantupeptin B",0.277753686036426
"1202","Dudawalamide D",0.277644230769231
"1203","Microginin 690",0.277252906976744
"1204","Hoshinoamide A",0.276465137827195
"1205","Nostoginin BN578",0.276055124892334
"1206","Microginin FR10",0.275937227550131
"1207","Aerucyclamide DSO2",0.275724275724275
"1208","Noscomin",0.27570093457944
"1209","Trungapeptin A",0.275519222271322
"1210","Microginin 743",0.275065963060686
"1211","Tenuecyclamide D",0.275055679287305
"1212","Izenamide B",0.274952919020716
"1213","Microginin KR638",0.274901960784314
"1214","Microginin 674",0.274831964152353
"1215","Adda-D-Glu(gamma)-Mdha-D-Ala-L-Leu-D-MeAsp(beta)-L-Arg-OH",0.274637466706126
"1216","Hassallidin B",0.274066416849722
"1217","Microginin 620A",0.273713826366559
"1218","Tiahuramide B",0.273658962058439
"1219","Aeruginosin 794A",0.273341162654139
"1220","Not named CyanoMetDB_0535",0.272700296735905
"1221","Wewakpeptin C",0.272426249247442
"1222","Antanapeptin B",0.272389689820883
"1223","Microginin KR604",0.272360999194198
"1224","Microginin 757B",0.2719836400818
"1225","Microginin 729",0.271970705725699
"1226","Aeruginosin 748A",0.271698113207547
"1227","Hapalocyclamide",0.271091113610799
"1228","6-deoxytolypodiol",0.270864946889226
"1229","Tasiamid A",0.269963518443454
"1230","Hantupeptin C",0.269837790442788
"1231","Microcyclamide GL614C",0.269833496571988
"1232","Pitipeptolide F",0.269753086419753
"1233","Aeruginosin 596B",0.269710720363017
"1234","Aeruginosin 836",0.269605191995674
"1235","Lagunamide B",0.269273127753304
"1236","Aeruginosin 103A",0.268987341772152
"1237","Microginin 606A",0.26804979253112
"1238","Grassypeptolide F",0.267902081903454
"1239","Pitipeptolide E",0.267643417251341
"1240","Microginin 756",0.266531713900135
"1241","Aeruginoside 126A",0.266515544041451
"1242","Aeruginosin DA511",0.266439909297052
"1243","Tenuecyclamide A",0.266085790884719
"1244","Tenuecyclamide B",0.266085790884719
"1245","Pitiprolamide",0.266082856180532
"1246","Grassypeptolide G",0.266024152345565
"1247","Aeruginosin 822",0.265833333333333
"1248","Microcyclamide GL628",0.26580459770115
"1249","Maedamide",0.26527149321267
"1250","Aeruginosin 670",0.265239477503629
"1251","Aeruginosin 205A",0.265113350125945
"1252","Aeruginosin 205B",0.265113350125945
"1253","[seco-4/5]MC-LR",0.264889393079977
"1254","Georgamide",0.264580093312597
"1255","Trungapeptin B",0.264138240574507
"1256","Microginin 590B",0.264102564102564
"1257","Hassallidin A",0.26398401826484
"1258","Banyascyclamide A",0.263636363636364
"1259","Banyascyclamide C",0.263265306122449
"1260","Kulokekahilide 2",0.262781954887218
"1261","Anacyclamide F10P",0.262714867978026
"1262","Grassystatin C",0.262398430933034
"1263","Dendroamide C",0.261158021712907
"1264","Comnostin D",0.260806916426513
"1265","Grassystatin F",0.260742898761836
"1266","Microcyclamide MZ568",0.260517799352751
"1267","Trungapeptin C",0.260487144790257
"1268","Cyanostatin A",0.259146341463415
"1269","Symplocin A",0.258926310458344
"1270","Croissamide",0.258406264394288
"1271","Microginin 620B",0.258210180623973
"1272","Nodularin-V",0.258133230054222
"1273","Aeruginosin LH650",0.257697947214076
"1274","Grassystatin D",0.257672264041691
"1275","Aeruginosin TR642",0.256756756756756
"1276","Pitipeptolide B",0.255881139083781
"1277","Anacyclamide B10",0.255743332453129
"1278","Grassystatin E",0.255735294117647
"1279","Microginin 606B",0.255696202531645
"1280","Anacyclamide B7",0.255692167577414
"1281","Aeruginosin KB676",0.25546780072904
"1282","Largamide A",0.254966887417219
"1283","[seco-4/5]MC-HtyR",0.254709677419355
"1284","Microcyclamide GL614A",0.253753753753754
"1285","Microcyclamide GL614B",0.253753753753754
"1286","Tasiamid B",0.253403289846852
"1287","Piricyclamide GTHLYTITP",0.253059303420144
"1288","Tenuecyclamide C",0.252650176678445
"1289","Nostocyclamide M",0.252650176678445
"1290","Aeruginosin DA495B",0.252298263534218
"1291","Dendroamide B",0.251884422110553
"1292","Aeruginosin 766",0.25139146567718
"1293","Microginin 769",0.251109139307897
"1294","Piricyclamide 7005E1",0.25109736632083
"1295","Microginin 578A",0.250223015165031
"1296","Aeruginozamide AEG603",0.250217580504787
"1297","Tiglicamide A",0.249852420306966
"1298","Microcyclamide A",0.249201277955272
"1299","Microcyclamide GL582",0.249201277955272
"1300","Anacyclamide A9P",0.248655913978495
"1301","Banyascyclamide B",0.248466257668711
"1302","Aeruginosin 752",0.247776365946633
"1303","Piricyclamide 7005E1-M(O)",0.24757089034305
"1304","Bistratamide A",0.247530186608123
"1305","Piricyclamide 7005E2",0.247422680412371
"1306","Microginin 534",0.247353224254091
"1307","Microginin 568",0.245871559633027
"1308","Raocyclamide B",0.244786494538232
"1309","Bistratamide B",0.244211686879823
"1310","Bistratamide G",0.244040862656072
"1311","[Glu4(OMe)]NOD-R",0.243151903237282
"1312","Planktocyclin",0.242604856512141
"1313","Spumigin K",0.241979522184301
"1314","Spumigin L",0.241979522184301
"1315","Microginin 550",0.241477272727272
"1316","Aeruginosin LH606",0.240983606557377
"1317","Comnostin B",0.240196078431372
"1318","L-Phe-D-MeAsp(beta)-L-Arg-Adda-D-Glu(gamma)-Mdha-D-Ala-OH",0.240104016180294
"1319","Nodularin-R-phenylglyoxal (IIc)",0.239487516425755
"1320","[D-Val9]Laxaphycin A",0.239332415691673
"1321","Laxaphycin A2",0.23907056798623
"1322","[Mdha-GSH7]MC-YR",0.238813735691987
"1323","Prenylagaramide A",0.238683662851197
"1324","Bistratamide K",0.238333333333334
"1325","Bistratamide L",0.238333333333334
"1326","Aeruginosin 89B-SO3",0.238184546136534
"1327","Aeruginosin 89A-SO3",0.238184546136534
"1328","Precarriebowmide",0.238124488124488
"1329","Samoamide A",0.238010657193605
"1330","Carriebowmide",0.237807335751713
"1331","Anacyclamide A7",0.237676663219579
"1332","L-Leu-D-MeAsp(beta)-L-Arg-Adda-D-Glu(gamma)-Mdha-D-Ala-OH",0.237136803874092
"1333","Laxaphycin A",0.236702582520951
"1334","Hormothamnin A",0.236702582520951
"1335","Mycosporine-GABA",0.236607142857143
"1336","Microginin 598",0.234902309058614
"1337","Micropeptin MZ771",0.234639358860196
"1338","Aeruginoside 126B",0.234628975265018
"1339","Bistratamide H",0.234042553191489
"1340","Piricyclamide 7005E3-M(O)",0.233997387328544
"1341","Bistratamide J",0.233908045977011
"1342","[D-Asp1]NOD-R",0.233703703703704
"1343","Aeruginosin 736",0.233620119126407
"1344","Largamide B",0.233425414364641
"1345","Piricyclamide 7005E3",0.233415841584159
"1346","Largamide C",0.233235294117647
"1347","[6(Z)-Adda3]NOD-R",0.232064421669107
"1348","Nodularin-R",0.232064421669107
"1349","Nostopeptolide L4",0.230817413091137
"1350","Piricyclamide SQWGWRGLSDP",0.230782029950083
"1351","Aeruginosin EI461",0.230645161290322
"1352","Raocyclamide A",0.23063973063973
"1353","Balgacyclamide C",0.230276134122288
"1354","Dendroamide A",0.230053191489361
"1355","Comnostin E",0.228855721393035
"1356","Trichormamide A",0.228715980460572
"1357","Nostopeptolide L2",0.228173374613003
"1358","Microphycin AL828",0.228032576082297
"1359","Anacyclamide C10",0.227903391572456
"1360","Nostoweipeptin W6",0.227849535463403
"1361","Nostocyclamide",0.227709190672154
"1362","Laxaphycin E",0.22749660326087
"1363","Nostoweipeptin W7",0.227388979307138
"1364","Nostoweipeptin W1",0.227384684281236
"1365","Nostoweipeptin W5",0.227149013381719
"1366","[D-Leu1,Mdha-GluCys(O)7]MC-LR",0.226973684210526
"1367","Nostoweipeptin W3",0.226813590449954
"1368","Microcyclamide GL546B",0.22673031026253
"1369","Microcyclamide GL546A",0.22673031026253
"1370","Bistratamide C",0.226623376623377
"1371","Anacyclamide E10",0.226612050739957
"1372","Comnostin C",0.226247987117553
"1373","Venturamide A",0.225935828877005
"1374","Nostoweipeptin W4",0.22539213457604
"1375","Nostopeptolide L3",0.225295214418893
"1376","Aeruginozamide AEG685",0.225155279503105
"1377","Bistratamide F",0.22488038277512
"1378","Anacyclamide D10",0.224770642201835
"1379","Nodularin-R-phenylglyoxal (IIb)",0.224724264705883
"1380","Venturamide B",0.224477244772448
"1381","Nodularin-R-Cys",0.224455611390285
"1382","[Mdha-GSH7]MC-LR",0.223851304548603
"1383","Spumigin I",0.223394495412844
"1384","Nodularin-R-phenylglyoxal (IIa)",0.223288124379755
"1385","Nostopeptolide L1",0.223221586263287
"1386","Piricyclamide FAIFLLLP",0.223172628304821
"1387","Aeruginosin K139",0.221586847748391
"1388","[D-Leu1,Mdha-GluCys7]MC-LR",0.221262299016079
"1389","[DMAdda3]NOD-R",0.220422004521477
"1390","Anacyclamide A8P",0.219621513944223
"1391","Anacyclamide B8",0.219350961538462
"1392","Nodularin-R-GSH",0.219015047879617
"1393","[Mdha-GSH7]MC-RR",0.218163538873994
"1394","Anacyclamide C8",0.217202432667246
"1395","Aeruginosin DA642B",0.21712158808933
"1396","Aeruginosin DA642A",0.21712158808933
"1397","Largamide G",0.216943074854326
"1398","[dhb5]NOD-R",0.216584627035214
"1399","Micropeptin HU989",0.215843857634902
"1400","Micropeptin HU909",0.21566265060241
"1401","Piricyclamide ILGEGEGWNYNP+prenyl",0.215612777053455
"1402","Micropeptin 90",0.214932126696832
"1403","Bistratamide D",0.213695395513578
"1404","Aeruginozamide AEG657",0.213162251655629
"1405","Comnostin A",0.211864406779661
"1406","Dinghupeptin C",0.211072664359861
"1407","Prenylagaramide B",0.210583544762595
"1408","Microginin 580",0.210056390977443
"1409","Micropeptin HU1069",0.20985401459854
"1410","Micropeptin HU1041",0.209677419354839
"1411","Not named CyanoMetDB_0534",0.209446564885496
"1412","Jizanpeptin E",0.208722741433022
"1413","Bouillomide B",0.208610372340426
"1414","Lyngbyastatin 10",0.208610372340426
"1415","Trichormamide D",0.208305142083897
"1416","Dolastatin 13",0.208284255987436
"1417","Largamide F",0.20823772372648
"1418","Micropeptin 478B",0.208066149173135
"1419","Micropeptin HU975",0.207063463607027
"1420","Micropeptin 478A",0.207063463607027
"1421","Bistratamide N",0.206849315068493
"1422","Bistratamide M",0.206849315068493
"1423","Micropeptin HU895A",0.20676846884028
"1424","Bistratamide I",0.205601907032181
"1425","Anacyclamide A15G",0.20554926387316
"1426","Anacyclamide A15",0.205493597686906
"1427","Microginin AL584",0.204771371769383
"1428","Dinghupeptin D",0.204737183646983
"1429","Micropeptin T20-PO3",0.204642097802976
"1430","Loggerpeptin B",0.203904282115869
"1431","Lyngbyastatin 4",0.203416912487709
"1432","Aeruginosin GE642",0.202469135802469
"1433","Dinghupeptin B",0.202408070289619
"1434","Tasipeptin B",0.202320185614849
"1435","Micropeptin KB992",0.202121559633028
"1436","Cl-Cyanopeptolin W",0.201223544973545
"1437","MC-YY",0.200615384615384
"1438","[L-MeAbu]NOD-R",0.199847444698704
"1439","[D-MeAbu]NOD-R",0.199847444698704
"1440","[D-Asp3,(E)-Dhb7]MC-HtyW",0.199766695829688
"1441","Bistratamide E",0.199011124845488
"1442","Micropeptin LH1062",0.198491655969191
"1443","Bouillomide A",0.198222829801777
"1444","Lyngbyastatin 9",0.198222829801777
"1445","Jizanpeptin C",0.198218558893911
"1446","Jizanpeptin B",0.198218558893911
"1447","Cyanopeptolin 959",0.197996918335901
"1448","[D-Asp3,(E)-Dhb7]MC-HtyY",0.197744360902256
"1449","Tutuilamide C",0.197428672067629
"1450","Lyngbyastatin 6",0.197333007095669
"1451","Scytonemin A",0.197103367151889
"1452","Micropeptin HU895B",0.196724470134875
"1453","MC-VA",0.196536951088897
"1454","Micropeptin LH1048",0.196341065011434
"1455","Micropeptin HH978",0.196334155798378
"1456","[seco-1/2]MC-FR",0.195509153318078
"1457","Micropeptin 103",0.195509153318078
"1458","Dinghupeptin A",0.195369753497668
"1459","Stigonemapeptin",0.195233265720081
"1460","Balgacyclamide A",0.195031055900621
"1461","Micropeptin MM932",0.19500998003992
"1462","Anabaenopeptilide 202B",0.19473409801877
"1463","Micropeptin MM850",0.194699083300119
"1464","Cyanopeptolin 911",0.194639175257732
"1465","[DMAdda5]MC-LA",0.194523979957051
"1466","Micropeptin KB1048",0.194152431011826
"1467","Micropeptin HU1021",0.194144301150227
"1468","Jizanpeptin D",0.193446088794926
"1469","[D-Asp3,(E)-Dhb7]MC-HtyHty",0.193143556779921
"1470","Balgacyclamide B",0.193099273607748
"1471","Oscillapeptin J",0.192700156985872
"1472","Cyanopeptolin 1034",0.192636423405654
"1473","MC-LV",0.192572214580468
"1474","Micropeptin MZ939B",0.192430917100521
"1475","Anabaenopeptin SA1",0.192356152876943
"1476","Micropeptin LH1021",0.192262943571844
"1477","Micropeptin MM916",0.191978827361564
"1478","Planktopeptin BL1125",0.191947796109332
"1479","Aeruginozamide AEG671",0.190357439733998
"1480","Lyngbyastatin 5",0.189975416552854
"1481","Micropeptin MZ939A",0.189509646302251
"1482","MC-VF",0.189202997275205
"1483","MC-WV",0.189109879360939
"1484","Muscotoxin A",0.189074874010079
"1485","MC-(H2)YA",0.188612697346322
"1486","Micropeptin MM836",0.188535309503051
"1487","MC-AhppaAhppa",0.18814508994397
"1488","MC-LNfk",0.187871209753048
"1489","MC-NfkA",0.187785760940561
"1490","MC-FV",0.187750694230176
"1491","Symplostatin 2",0.187737781679836
"1492","Aeruginosin 602",0.187553648068669
"1493","Muscotoxin B",0.187477670596641
"1494","Cyanopeptolin CP1048",0.187359279511097
"1495","MC-(H4)Y(H4)Y",0.187339606501283
"1496","[D-Leu1]MC-LY",0.186884725309622
"1497","[NMe-Ser7]MC-LA",0.1865776528461
"1498","Pahayokolide B",0.186528925619834
"1499","Dolastatin I",0.186046511627907
"1500","Micropeptin HM978",0.185777777777778
"1501","Micropeptin LH911A",0.185092449922958
"1502","[D-Leu1,Mdha-Cys(O)7]MC-LR",0.184995737425405
"1503","Cyanopeptolin 1054 MB2",0.184724091520861
"1504","Nostocyclin",0.184396236278097
"1505","MC-LY(OMe)",0.183333333333334
"1506","[Mdha-Cys7]MC-YR",0.18308181096108
"1507","Anabaenopeptilide 202A",0.183020364982809
"1508","MC-LA",0.182778374507698
"1509","Cyanopeptolin CB071",0.182719054242003
"1510","MC-LW",0.182539682539683
"1511","Symplocamide A",0.182404181184669
"1512","Micropeptin GH979",0.182386194584945
"1513","Micropeptin T2",0.182325109834403
"1514","MC-FA",0.182137161084529
"1515","MC-AW",0.182018286488317
"1516","Loggerpeptin A",0.182018286488317
"1517","Anabaenopeptin 906B2",0.182008368200837
"1518","Anabaenopeptin 906a",0.182008368200837
"1519","Somamide B",0.181967213114754
"1520","Cyanopeptolin CP992",0.181615120274914
"1521","Aeruginosin KY642",0.181587837837838
"1522","MC-YA",0.181474480151229
"1523","Micropeptin TR1058",0.181216514339742
"1524","Cyanopeptolin SS",0.18116462976276
"1525","[seco-1/2]MC-HilR",0.181133888532992
"1526","Dolastatin E",0.181046676096181
"1527","Cyanopeptolin 920",0.180985108820161
"1528","MC-WL",0.180947744238883
"1529","Cyanopeptolin 1054 MB1",0.180816057913788
"1530","Cyanopeptolin CP1020",0.180420982292014
"1531","[seco-1/2]MC-LR",0.179973606070604
"1532","MC-WA",0.179796264855688
"1533","Micropeptin MZ859",0.179712460063898
"1534","[D-Leu1,Mdha-Cys7]MC-LR",0.179245283018868
"1535","MC-LF",0.179238871899423
"1536","Aeruginopeptin 917SB",0.179120582681414
"1537","Micropeptin LH925",0.178940835746793
"1538","MC-LL",0.178793103448276
"1539","Cyanopeptolin CP978",0.178674351585014
"1540","MC-KynA",0.178401360544218
"1541","MC-FL",0.178401360544218
"1542","Cyanopeptolin 1020",0.178394449950446
"1543","Cyanopeptolin 1068",0.178041543026706
"1544","MC-YL",0.177919708029197
"1545","Anabaenopeptin 891",0.177502138579983
"1546","MC-HtyAhppa",0.177478023643528
"1547","Cyanopeptolin S",0.177238805970149
"1548","Cyanopeptolin 1006D",0.17696440564137
"1549","Anabaenopeptilide 90B",0.176934360102677
"1550","Loggerpeptin C",0.176867219917012
"1551","MC-(H2)YG",0.17680608365019
"1552","Micropeptin KB956",0.176656738644825
"1553","MC-NfkAba",0.176403394255874
"1554","MC-LY",0.176134453781512
"1555","Micropeptin MZ925",0.175872093023256
"1556","Micropeptin LH920",0.175317185697809
"1557","Microviridin SD1652",0.175242772630874
"1558","Tasipeptin A",0.175108824693312
"1559","Kempopeptin C",0.175
"1560","Kempopeptin B",0.175
"1561","Anabaenopeptin 877b",0.174378000872981
"1562","Micropeptin SF909",0.174253731343283
"1563","Micropeptin 996",0.174191374663073
"1564","Microviridin SD1684",0.173910651408451
"1565","[D-Asp3,D-MeO-Glu6]MC-LAba",0.173804425410421
"1566","MC-HphHph",0.173401209035953
"1567","MC-YM(O)",0.173007246376811
"1568","Anabaenopeptin 877a",0.172572178477691
"1569","MC-YM",0.172382118799755
"1570","[L-Ser7]MC-E(OMe)E(OMe)",0.172249589490969
"1571","Micropeptin DR1060",0.172110552763819
"1572","Micropeptin EI964",0.171902576773738
"1573","Micropeptin LH911C",0.171404327535002
"1574","[seco7][D-Asp3]MC-RR",0.171300735059125
"1575","Seco[D-Asp3]microcystin-RR",0.171300735059125
"1576","Micropeptin MZ845",0.171171171171171
"1577","MC-LAba",0.171142141066953
"1578","MC-OiaA",0.171113155473781
"1579","MC-HphHty",0.171069182389937
"1580","Cyanopeptolin 1041",0.170443016570849
"1581","Micropeptin LH911B",0.170348343245539
"1582","MC-FAba",0.170233152347493
"1583","MC-YAba",0.170081967213115
"1584","Aeruginopeptin 228B",0.169697817571348
"1585","MC-WAba",0.168870803662258
"1586","Micropeptin MM978",0.168793292016041
"1587","Cyanopeptolin CP1018",0.16875635377838
"1588","Micropeptin SD979",0.168583752695902
"1589","Micropeptin SD-1002",0.168563518917256
"1590","[Asp3,Dhb7]MC-LY",0.168485037406484
"1591","MC-LM",0.168470670391062
"1592","Micropeptin KB1046",0.167605633802817
"1593","MC-HilA",0.16726618705036
"1594","[ADMAdda5]MC-(H4)YHar",0.167011834319526
"1595","Aeruginosin IN608",0.166959578207381
"1596","Aeruginosin IN652",0.166959578207381
"1597","MC-KynAba",0.166893269884432
"1598","Cyanopeptolin CP962",0.166846846846847
"1599","Aeruginopeptin 95B",0.166752378503472
"1600","Cyanopeptolin 1063",0.166422930681486
"1601","MC-LHph",0.166326530612245
"1602","[D-Leu1,Ser7]MC-HtyR",0.165502581232918
"1603","Microcystilide A",0.164765525982256
"1604","Aerugininopeptin 95A",0.164376321353066
"1605","[NMe-Ser7]MC-LR",0.164256893073302
"1606","Micropeptin F",0.1639599170698
"1607","[NMe-Ser7]MC-RY",0.163664122137404
"1608","Cyanopeptolin 992",0.163608033240997
"1609","Micropeptin KB970C",0.163239074550128
"1610","Micropeptin SD999",0.163051337671728
"1611","Micropeptin KB984",0.162995594713656
"1612","Micropeptin KT1042",0.162961752206604
"1613","Anabaenopeptin SA8",0.162533215234721
"1614","[Dha7]MC-LA",0.162448827688872
"1615","[D-Leu1,D-MeO-Glu6,NMe-Ser7]MC-LR",0.162424435252943
"1616","[D-Leu1,ADMAdda5]MC-LHar",0.162383900928793
"1617","Oscillapeptin C",0.162245444801715
"1618","Micropeptin D",0.162205740083844
"1619","[D-Asp3]MC-LA",0.161512667660208
"1620","[Gly1,D-Asp3,ADMAdda5,Dhb7]MC-RHar",0.161352040816326
"1621","[D-Asp3]MC-LW",0.161214165261383
"1622","[ADMAdda5]MC-LR",0.161187360357485
"1623","[DMAdda5]MC-Y(OMe)R",0.161024433323521
"1624","Aeruginopeptin 228A",0.160418482999128
"1625","MC-LHty",0.160364618501013
"1626","[D-Asp3,Dha7]MC-LY",0.160095989029825
"1627","[Mdha-Cys7]MC-LR",0.160085705540251
"1628","MC-OiaAba",0.159815950920245
"1629","[D-Asp3]MC-LL",0.159326888650197
"1630","Anabaenopeptin 906B1",0.159139784946236
"1631","Portoamide D",0.159122562674095
"1632","Lyngbyazothrin B",0.159122562674095
"1633","[Mser7]MC-HtyR",0.158998252766453
"1634","Micropeptin T1",0.158678756476684
"1635","[D-Asp3]MC-LF",0.158536585365854
"1636","[Ser7]MC-HtyR",0.158517350157728
"1637","Cyanopeptolin 1007",0.158426183844011
"1638","[DMAdda5]MC-LR",0.158243290345068
"1639","[NMe-Ser7]MC-YR",0.157552468223471
"1640","[D-Asp3,Ser7]MC-E(OMe)E(OMe)",0.157341471685317
"1641","[Ser7]MC-YR",0.157193894121468
"1642","[Mdha-Cys7]MC-RR",0.156607583576396
"1643","[D-MeO-Glu6]MC-FR",0.156510583707505
"1644","[L-Ser7]MC-EE(OMe)",0.156196943972836
"1645","[D-Ser1]MC-LA",0.156180606957809
"1646","Micropeptin E",0.156002875629044
"1647","[DMAdda5]MC-WR",0.155587211142767
"1648","[Mdha-NAcCys7]MC-RR",0.155524861878453
"1649","Micropeptin DR1056",0.155121951219512
"1650","MC-HilAba",0.155091759625764
"1651","Aeruginosin DA722",0.154952076677316
"1652","[D-Asp3,ADMAdda5,(E/Z)-Dhb7]MC-HtyR",0.154814164471759
"1653","[D-Asp3]MC-LY",0.154532726636332
"1654","Anabaenopeptin G-Erhard",0.154411764705883
"1655","Anabaenopeptilide 90A",0.153976630229929
"1656","Aeruginosin GE686",0.153711790393013
"1657","Aeruginosin GE730",0.153711790393013
"1658","[D-MeO-Glu6]MC-YR",0.153443351317042
"1659","Micropeptin KR998",0.153075328265377
"1660","[D-Asp3,Mser7]MC-HtyR",0.153046062407132
"1661","[DMAdda5]MC-YR",0.153036313701557
"1662","[NMe-Ser7]MC-(H4)YR",0.152905684344237
"1663","[Gly1,D-Asp3,ADMAdda5]MC-RHar",0.15270618556701
"1664","MC-MhtyR",0.152333431171119
"1665","Cyanopeptolin 1007 MB2",0.152126099706745
"1666","[Dha7]MC-E(OMe)E(OMe)",0.15129781420765
"1667","MC-LE",0.151264933239635
"1668","[Dha7]MC-RY",0.151162790697675
"1669","[D-Leu1]MC-FR",0.151082522748667
"1670","MC-RY(OMe)",0.151024151635586
"1671","MC-NfkR",0.151006711409396
"1672","[D-Asp3,Ser7]MC-HtyR",0.150242326332795
"1673","Micropeptin SF995",0.150146842878121
"1674","[Dha7]MC-WR",0.14993626513703
"1675","Cyanopeptolin 1014",0.149909584086799
"1676","[DMAdda5]MC-LHar",0.149846048580226
"1677","Cyanopeptolin CP990",0.149771207321366
"1678","[D-Leu1]MC-LHar",0.149692854833495
"1679","Anabaenopeptin KT864",0.149680073126143
"1680","[ADMAdda5]MC-LHar",0.149601063829787
"1681","MC-AHar",0.149161820047896
"1682","MC-RApa",0.149159663865546
"1683","[ADMAdda5]MC-YR",0.149086623453152
"1684","Anabaenopeptin H-Itou",0.148471615720524
"1685","MC-Y(OMe)R",0.148333824830434
"1686","MC-HarHar",0.14830779054917
"1687","[Dhb7]MC-YR",0.147985458951833
"1688","[ADMAdda5]MC-(H4)YR",0.147898128260202
"1689","[D-Asp3,(E)-Dhb7]MC-LW",0.147833333333333
"1690","[ADMAdda5]MC-HilHar",0.147764095917044
"1691","[DMAdda5]MC-(H4)YR",0.147333333333333
"1692","[DMAdda5]MC-FR",0.147260273972602
"1693","[epoxyAdda5]MC-LR",0.147038917089678
"1694","Cyanopeptolin 1000A",0.146492184660123
"1695","[ADMAdda5,Mser7]MC-LR",0.14647981314648
"1696","[D-Leu1]MC-HtyR",0.14588133640553
"1697","[ADMAdda5]MC-RHar",0.145721502999684
"1698","Portoamide C",0.145619013834693
"1699","Lyngbyazothrin A",0.145619013834693
"1700","Microcyclamide 7806A",0.145118733509235
"1701","[Leu1,MeO-Glu6]MC-HilR",0.144736842105263
"1702","[D-Asp3,DMAdda5]MC-HtyR",0.144684129429892
"1703","[ADMAdda5]MC-FR",0.144483643361129
"1704","MC-(H2)YR",0.14435655613021
"1705","[dm(1)Adda5]MC-(H4)YR (isomer 2)",0.144195383071262
"1706","[D-Met(O)1,D-MeO-Glu6]MC-LR",0.143934531450577
"1707","Anabaenopeptin HU892",0.143811219946571
"1708","Aeruginoguanidin 98B",0.143700787401575
"1709","[Dha7]MC-YR",0.143335565974548
"1710","[D-Leu1,D-MeO-Glu6]MC-LR",0.143322475570033
"1711","MC-RF",0.143247588424438
"1712","Anabaenopeptin G-Itou",0.143170926517572
"1713","[Gly1,D-Asp3,ADMAdda5,Dhb7]MC-RR",0.143093192333113
"1714","MC-RA",0.143048128342246
"1715","Anabaenopeptin MM913",0.142371440713982
"1716","[D-Asp3,ADMAdda5]MC-LR",0.142043493268899
"1717","Microviridin LH1667",0.141959334565619
"1718","MC-RL",0.141454779530093
"1719","MC-WR",0.141383687718184
"1720","Aeruginosin KY608",0.141304347826087
"1721","Micropeptin KB970A",0.141300191204589
"1722","MC-RY",0.141290527654164
"1723","[D-Asp3,(E)-Dhb7]MC-YR",0.141243811881188
"1724","[D-Leu1]MC-M(O2)R",0.141110065851364
"1725","Micropeptin 973",0.140837104072398
"1726","[dm(1)Adda5]MC-(H4)YR (isomer 1)",0.14076104482425
"1727","[Dha7]MC-HtyR",0.140433985330074
"1728","Micropeptin KB970B",0.14031393568147
"1729","Micropeptin C",0.139911383776414
"1730","[Gly1,D-Asp3]MC-RHar",0.139804845222072
"1731","[D-Leu1,ADMAdda5]MC-LR",0.139793614962915
"1732","[D-Asp3,D-MeO-Glu6]MC-HtyR",0.13975249019016
"1733","[D-Leu1,DMAdda5]MC-LR",0.139515314708852
"1734","[D-Asp3,(Z)-Dhb7]MC-HtyR",0.139397905759162
"1735","[D-Asp3,(E)-Dhb7]MC-HtyR",0.139397905759162
"1736","Micropeptin KB928",0.1392455858748
"1737","[D-Leu1,NMe-Ser7]MC-LR",0.139017916390179
"1738","Micropeptin K139",0.138972809667674
"1739","Anabaenopeptin KB899",0.138611713665943
"1740","[NMe-Ala7]MC-LR",0.138537271448664
"1741","Cyanopeptolin CP985",0.138244737780949
"1742","MC-VR",0.138234259584946
"1743","[D-Asp3,ADMAdda5]MC-HtyR",0.138167711131006
"1744","MC-KynR",0.138101306148455
"1745","[Mser7]MC-RR",0.137987545067191
"1746","[D-Leu1]MC-HphR",0.137743076016499
"1747","Anabaenopeptin MM823",0.137603507062835
"1748","[Gly1,D-Asp3,ADMAdda5,(E/Z)-Dhb7]MC-LHar",0.137278722665741
"1749","[Dha7]MC-FR",0.137192035099561
"1750","Nodulapeptin 899",0.137050653594771
"1751","[D-Leu1]MC-RR",0.136450686243217
"1752","Micropeptin A",0.136295743091859
"1753","MC-LHar",0.135631001371742
"1754","[D-Glu(OCH2CH(CH3)OH)6]MC-LR",0.135576282478348
"1755","Anabaenopeptin B1",0.13556920170052
"1756","[D-Asp3,(E)-Dhb7]MC-HphR",0.135378459486496
"1757","MC-AhppaR",0.135329341317366
"1758","[D-Phe1]MC-LR",0.135200777202073
"1759","Oscillapeptin F",0.134892086330935
"1760","MC-OiaR",0.134384858044164
"1761","MC-YR",0.134349030470914
"1762","[D-Leu1,Adda(OH)5]MC-LR",0.13429888084266
"1763","[D-Asp3,Ser7]MC-RR",0.133976964769647
"1764","[D-MeO-Glu6]MC-LR",0.13397212543554
"1765","[Ser7]MC-RR",0.133934535738143
"1766","[D-Leu1]MC-M(O)R",0.133857005450465
"1767","[Gly1,D-Asp3,ADMAdda5]MC-LHar",0.133670268386197
"1768","[D-Asp3,ADMAdda5]MC-LHar",0.133207287727741
"1769","[D-Leu1,Adda(O)5]MC-LR",0.132871744147709
"1770","[D-Asp3]MC-(H2)YR",0.132649739583333
"1771","[D-Asp3,Dha7]MC-E(OMe)E(OMe)",0.132436260623229
"1772","MC-RAba",0.132051742723679
"1773","[Dha7]MC-HphR",0.131904921325745
"1774","MC-HtyR",0.13162705667276
"1775","[Gly1,D-Asp3,ADMAdda5]MC-RR",0.131614199598124
"1776","[Mdhb7]MC-LR",0.131551362683438
"1777","MC-RM",0.131422579517651
"1778","MC-FR",0.131323283082077
"1779","Anabaenopeptin SA2",0.131054131054131
"1780","[D-Leu1,dmAdda5]MC-LR (isomer 2)",0.130146308268119
"1781","MC-AR",0.129833274210713
"1782","[D-Leu1]MC-MR",0.129573682443773
"1783","Oscillamide C",0.129274395329441
"1784","[D-Asp3,Dha7]MC-FR",0.129060124395301
"1785","[D-Asp3,Dha7]MC-HtyR",0.129043241402792
"1786","[D-Asp3]MC-HarAba",0.128896672504378
"1787","Microviridin N1",0.128804114873553
"1788","Anabaenopeptin SA3",0.12869094488189
"1789","MC-M(O2)R",0.128647214854112
"1790","[D-Leu1,dmAdda5]MC-LR (isomer 1)",0.127474402730376
"1791","MC-(H4)YR",0.127405441274055
"1792","[Dha7]MC-EE(OMe)",0.127182044887781
"1793","[Asp3]MC-LE",0.127016129032258
"1794","[ADMAdda5]MC-RR",0.12684124386252
"1795","Cyanopeptolin 986",0.126771351972425
"1796","Bacteriohopanetetrol from 'Anacystis montana'",0.12648497554158
"1797","[D-Leu1,D-Asp3]MC-RR",0.12569649295313
"1798","[DMAdda5]MC-RR",0.125384878549435
"1799","Schizotrin A",0.125340381226974
"1800","Pahayokolide A",0.125277689622342
"1801","[Dha7]MC-LR",0.124687388352983
"1802","[D-Asp3,Dha7]MC-HphR",0.124479166666666
"1803","Microviridin L",0.124388617163184
"1804","[D-Val1]MC-LR",0.12418636519356
"1805","[D-Asp3]MC-YR",0.12306477093207
"1806","Oscillapeptin D",0.122835497835498
"1807","[D-Asp3,Thr7]MC-RR",0.122801082543978
"1808","MC-HphR",0.122738615096693
"1809","[Gly1,D-Asp3,Dhb7]MC-RR",0.122388579387187
"1810","[Dha7]MC-RR",0.122040389972145
"1811","[D-Asp3]MC-HtyR",0.121916952856697
"1812","MC-M(O)R",0.12135593220339
"1813","[D-Met(O)1]MC-LR",0.121282993651855
"1814","[dm(2)Adda5]MC-LR",0.121233859397417
"1815","[Gly1,D-Asp3,(E/Z)-Dhb7]MC-LHar",0.12117903930131
"1816","[D-Leu1]MC-LR",0.120718887758562
"1817","[ADMAdda5]MC-HilR",0.120420624151968
"1818","[D-Asp3,ADMAdda5,(E/Z)-Dhb7]MC-RR",0.119812583668006
"1819","[D-Asp3,D-MeO-Glu6]MC-RR",0.119524617996605
"1820","[D-Asp3]MC-RHar",0.119524617996605
"1821","[D-Leu1]MC-HilR",0.119443501866304
"1822","MC-MR",0.119055823569952
"1823","[Gly1,D-Asp3]MC-LHar",0.119021934555915
"1824","[D-Asp3]MC-RY",0.118882275132275
"1825","[D-Asp3,ADMAdda5,Thr7]MC-LR",0.118048268625394
"1826","[D-Asp3]MC-WR",0.117598412173337
"1827","[D-Hil1]MC-LR",0.11744966442953
"1828","[DMAdda5]MC-HilR",0.117435158501441
"1829","[D-Ser1,ADMAdda5]MC-LR",0.117426820966644
"1830","[dm(1)Adda5]MC-LR",0.117324561403509
"1831","[D-Asp3]MC-FR",0.116451612903226
"1832","[Gly1,D-Asp3]MC-RR",0.115924237109786
"1833","Oscillamide B",0.115087040618956
"1834","Anabaenopeptin C",0.114191251271617
"1835","Micropeptin SD944",0.114182692307693
"1836","[D-Met1]MC-LR",0.114110010249402
"1837","[D-Asp3]MC-HphR",0.114107883817427
"1838","MC-AnaR",0.113900897904888
"1839","Aeruginosin DA688",0.113110539845758
"1840","MC-EE",0.11231884057971
"1841","[Dha7]MC-(H4)YR",0.112290311537145
"1842","Micropeptin B",0.111089108910891
"1843","Micropeptin 1120",0.110864128924701
"1844","[D-Asp3,Dha7]MC-RR",0.110733452593917
"1845","[D-Asp3,Mser7]MC-LR",0.10941475826972
"1846","[D-Asp3,D-MeO-Glu6]MC-LR",0.10931899641577
"1847","[D-Asp3,Dha7]MC-EE(OMe)",0.109000368867577
"1848","[(6Z)-Adda5]MC-RR",0.10893470790378
"1849","MC-RR",0.10893470790378
"1850","[ADMAdda5,Dha7]MC-LR",0.108103326256193
"1851","MC-RE",0.108078602620088
"1852","[(6Z)-Adda5]MC-LR",0.105471562275018
"1853","MC-LR",0.105471562275018
"1854","[D-Leu1,D-Asp3]MC-LR",0.104553415061296
"1855","[D-Asp3,ADMAdda5,(E/Z)-Dhb7]MC-LR",0.103678326721962
"1856","[Me-Ala1]MC-LR",0.103354978354978
"1857","MC-HilR",0.103354978354978
"1858","[Gly1,D-Asp3,ADMAdda5]MC-LR",0.102564102564102
"1859","[D-Aba1]MC-LR",0.10238603988604
"1860","[D-Met1,D-Asp3]MC-LR",0.102352528089887
"1861","[D-Ser1]MC-LR",0.102066262914143
"1862","MC-ER",0.101539589442815
"1863","[Ser7]MC-LR",0.101247248716067
"1864","[D-Leu1,Dha7]MC-LR",0.101090014064697
"1865","Cyanopeptolin 972",0.101080864691753
"1866","Portoamide A",0.099198717948718
"1867","Lyngbyaureidamides A",0.099198717948718
"1868","Lyngbyazothrin C",0.099198717948718
"1869","Micropeptin KT946",0.0985481742190935
"1870","Portoamide B",0.095766940286496
"1871","Lyngbyaureidamides B",0.095766940286496
"1872","Lyngbyazothrin D",0.095766940286496
"1873","(-)Psymbamide A",0.095408895265423
"1874","Aeruginosin 101",0.0949529512403765
"1875","[D-Asp3,ADMAdda5,Dha7]MC-LR",0.0937272064186725
"1876","Micropeptin 1106",0.0936735941320295
"1877","[D-Asp3,(E)-Dhb7]MC-RR",0.0934397163120565
"1878","[D-Asp3]MC-RR",0.089889640441438
"1879","[D-Asp3]MC-RE",0.0877386196769455
"1880","[D-Asp3,Ser7]MC-LR",0.085820895522388
"1881","Microviridin I",0.084319699988281
"1882","[Gly1,D-Asp3]MC-LR",0.081209585393686
"1883","[D-Asp3]MC-LR",0.081020255063766
"1884","[D-Asp3]MC-HilR",0.0803303303303305
"1885","[D-Asp3,ADMAdda5,Dha7]MC-HilR",0.0797852647167715
"1886","Anabaenopeptin MM850",0.0780856423173805
"1887","[Gly1,D-Asp3,Dhb7]MC-LR",0.078040278853602
"1888","[D-Asp3,(Z)-Dhb7]MC-LR",0.0757749712973595
"1889","[D-Asp3,(E)-Dhb7]MC-LR",0.0757749712973595
"1890","Oscillapeptin E",0.0751127395715895
"1891","[Dha7]MC-HilR",0.074074074074074
"1892","[D-Asp3,Dha7]MC-LR",0.064847077042199
"1893","Aeruginosin GE766",0.0595555555555555
"1894","Aeruginosin GE810",0.0595555555555555
"1895","Anabaenopeptin B",0.0455991516436905
"1896","Tychonamide B",NA
"1897","Tychonamide A",NA
"1898","Tolybyssidin B",NA
"1899","N-(2-aminoethyl)-glycine",NA
"1900","Mycosporine-tau",NA
"1901","35-O-beta-6 amino-6-deoxyglucopyranosyl-bacteriohopanetetrol",NA
"1902","Bartoloside G",NA
"1903","Bartoloside J",NA
"1904","Bartoloside H",NA
"1905","Bartoloside F",NA
"1906","Bartoloside I",NA
"1907","Bartoloside K",NA
"1908","Bartoloside E",NA
"1909","Bacteriohopanetetrol",NA
"1910","Synechobactin A",NA
"1911","Synechobactin B",NA
"1912","Synechobactin C",NA
"1913","Synechoxanthin",NA
"1914","Kimbelactone A",NA
"1915","Hoiamide C",NA
"1916","Kimbeamide B",NA
"1917","Kimbeamide C",NA
"1918","Kimbeamide A",NA
"1919","Janthielamide A",NA
"1920","Sphaerocyclamide",NA
"1921","Merosterolic acid A",NA
"1922","Merosterolic acid B",NA
"1923","Merosterol B",NA
"1924","Merosterol A",NA
"1925","Merosterol A-regioisomer",NA
"1926","Hexose-palythine-serine",NA
"1927","Hexose-shinorine",NA
"1928","Scytocyclamide C",NA
"1929","Scytocyclamide B",NA
"1930","Scytocyclamide A",NA
"1931","Palythine-serine",NA
"1932","Scyptolin B",NA
"1933","Scytodecamide",NA
"1934","Hofmannolin",NA
"1935","Scyptolin A",NA
"1936","Puna<U+0092>auic acid",NA
"1937","[D-Asp3]MC-RCit",NA
"1938","[D-Asp3]MC-ER",NA
"1939","[D-Asp3]MC-EE",NA
"1940","[D-Asp3,Mdha-GSH7]MC-RR",NA
"1941","[D-Asp3]MC-RW",NA
"1942","Autumnalamide",NA
"1943","Brunsvicamide A",NA
"1944","Brunsvicamide B",NA
"1945","Brunsvicamide C",NA
"1946","Palythine<U+0096>threonine",NA
"1947","Hassallidin E",NA
"1948","Aghardipeptin A",NA
"1949","[D-Asp<U+00B3>,(E)-Dhb7]MC-HilR",NA
"1950","[D-Asp<U+00B3>,Mser7]MC-RR",NA
"1951","oscillacyclamide B",NA
"1952","Aghardipeptin B",NA
"1953","Oscillacyclamide A",NA
"1954","Oscillaginin B",NA
"1955","Anabaenopeptin 908",NA
"1956","Anabaenopeptin 915",NA
"1957","Oscillapeptin A",NA
"1958","Oscillapeptin B",NA
"1959","Oscillapeptin G",NA
"1960","Microviridin D",NA
"1961","Microviridin E",NA
"1962","Microviridin F",NA
"1963","Oscillaginin A",NA
"1964","Oscillaginin C",NA
"1965","Viridisamide A",NA
"1966","Anabaenopeptin E",NA
"1967","Anabaenopeptin F",NA
"1968","Cyanopeptolin 960",NA
"1969","Cyanopeptolin 880",NA
"1970","[D-Asp<U+00B3>,DMAdda5]MC-RR",NA
"1971","Oscillamide Y",NA
"1972","Nocuolin",NA
"1973","Microviridin N9",NA
"1974","Microviridin N8",NA
"1975","Microviridin N7",NA
"1976","Microviridin N6",NA
"1977","Microviridin N5",NA
"1978","Microviridin N4",NA
"1979","Microviridin N3",NA
"1980","Anabaenopeptin SA9",NA
"1981","Anabaenopeptin SA12",NA
"1982","Anabaenopeptin SA11",NA
"1983","Anabaenopeptin SA10",NA
"1984","Nostopeptolide 1052",NA
"1985","Nostamide B",NA
"1986","Nostamide E",NA
"1987","Nostamide D",NA
"1988","Nostamide C",NA
"1989","Pseudospumigin D",NA
"1990","Pseudospumigin A",NA
"1991","[D-Asp<U+00B3>,ADMAdda5]MC-(H4)YR",NA
"1992","Pseudospumigin E",NA
"1993","Pseudospumigin F",NA
"1994","Pseudospumigin B",NA
"1995","Pseudospumigin C",NA
"1996","Namalide D",NA
"1997","Namalide F",NA
"1998","Namalide E",NA
"1999","Nostocyclopeptide A2",NA
"2000","Nostocyclopeptide A3",NA
"2001","Nostocyclopeptide A1",NA
"2002","Microviridin G",NA
"2003","Microviridin H",NA
"2004","[D-Asp<U+00B3>,ADMAdda5]MC-VR",NA
"2005","Nostopeptin A",NA
"2006","Nostopeptin B",NA
"2007","[D-Asp<U+00B3>,DMAdda5]MC-LR",NA
"2008","Nodulapeptin 881a",NA
"2009","[MeHph5] Nodulapeptin B",NA
"2010","Nodulapeptin 839",NA
"2011","Nodulapeptin 883a",NA
"2012","Nodulapeptin C",NA
"2013","Nodulapeptin 879",NA
"2014","Nodulapeptin 855a",NA
"2015","[Ser6] Nodulapeptin B",NA
"2016","[Met6] Nodulapeptin C",NA
"2017","Nodulapeptin 881b",NA
"2018","Aeruginosin NOL3",NA
"2019","Aeruginosin NAL2",NA
"2020","Spumigin G",NA
"2021","Spumigin E",NA
"2022","NOD-Har",NA
"2023","[D-Asp<U+00B3>,ADMAdda5]MC-RR",NA
"2024","[D-Leu1,D-Asp<U+00B3>]MC-HphR",NA
"2025","[D-Leu1,D-Asp<U+00B3>,ADMAdda5]MC-LR",NA
"2026","[D-Asp<U+00B3>,ADMAdda5]MC-HphR",NA
"2027","[D-Asp<U+00B3>,Dhb7]MC-RY",NA
"2028","Cryptophycin 39",NA
"2029","Cryptophycin 52",NA
"2030","[Gly1,D-Asp<U+00B3>,ADMAdda5,Dhb7]MC-LR",NA
"2031","[D-Asp<U+00B3>,Dhb7]MC-AhaR",NA
"2032","[D-Leu1,D-Asp<U+00B3>,DMAdda5]MC-LR",NA
"2033","[Asp<U+00B3>,DMAdda5,Dhb7]MC-LR",NA
"2034","[Asp<U+00B3>,DMAdda5]MC-RY",NA
"2035","[Gly1,D-Asp<U+00B3>,Dhb7]MC-Rhar",NA
"2036","Kulomo<U+0092>opunalide 2",NA
"2037","Kulomo<U+0092>opunalide 1",NA
"2038","Aeruginosin 98B",NA
"2039","Aeruginosin 98C",NA
"2040","Aeruginosin 298A",NA
"2041","Aeruginosin 298B",NA
"2042","Aeruginosin 98A",NA
"2043","Micropeptin 88N",NA
"2044","[D-Asp<U+00B3>]MC-Y(OMe)R",NA
"2045","[D-Asp<U+00B3>]MC-HilY",NA
"2046","[D-Asp<U+00B3>,NMe-Ser7]MC-YHar",NA
"2047","[D-Asp<U+00B3>,Mser7]MC-RY",NA
"2048","Micropeptin 88F",NA
"2049","[D-Asp<U+00B3>]MC-YY",NA
"2050","[D-Asp<U+00B3>]MC-(H4)YR",NA
"2051","Aeruginosin 102A",NA
"2052","Cyanopeptolin 963A",NA
"2053","Cyanopeptolin A",NA
"2054","Cyanopeptolin C",NA
"2055","Cyanopeptolin B",NA
"2056","Cyanopeptolin D",NA
"2057","Micropeptin 88D",NA
"2058","Aerucyclamide B",NA
"2059","Aerucyclamide A",NA
"2060","Aerucyclamide C",NA
"2061","Microcyclamide 7806B",NA
"2062","Micropeptin 88Y",NA
"2063","Micropeptin 88A",NA
"2064","Microviridin B",NA
"2065","Microviridin C",NA
"2066","Kasumigamide",NA
"2067","Aeruginosamide B",NA
"2068","Aeruginosamide C",NA
"2069","Micropeptin 88B",NA
"2070","Micropeptin 88C",NA
"2071","Micropeptin 88E",NA
"2072","Kawaguchipeptin A",NA
"2073","Aerucyclamide D",NA
"2074","Kawaguchipeptin B",NA
"2075","Aeruginoguanidin 98A",NA
"2076","[D-Ser1,D-Asp3,Dha7]MC-LR",NA
"2077","[D-Asp<U+00B3>]MC-RF",NA
"2078","[D-Asp<U+00B3>,Dha7]MC-RY",NA
"2079","[D-Asp<U+00B3>,Mser7]MC-LY",NA
"2080","[D-Asp<U+00B3>]MC-RAba",NA
"2081","[D-Asp<U+00B3>,Dha7]MC-YA",NA
"2082","[D-Asp<U+00B3>]MC-WA",NA
"2083","Aeruginoguanidin 98C",NA
"2084","Tetrahydroindol 1",NA
"2085","Palau<U+0092>imide",NA
"2086","4,8-dimethyl-6-O-(2<U+0092>,4<U+0092>-di-O-methyl-beta-D-xylopyranosyl)hydroxyquinoline",NA
"2087","13-O-acetyldecarbamoylsaxitoxin-11beta-
O-sulfate",NA
"2088","Yoshinone B1",NA
"2089","[D-Asp<U+00B3>]MC-RA",NA
"2090","[D-Asp<U+00B3>,DMAdda5]MC-LA",NA
"2091","[D-Asp<U+00B3>]MC-VA",NA
"2092","[D-Asp<U+00B3>]MC-LV",NA
"2093","Cylindrofridin A",NA
"2094","Cylindrofridin C",NA
"2095","Cylindrofridin B",NA
"2096","Mycosporine glycine 
",NA
"2097","[seco-4/5][D-Asp<U+00B3>]MC-LR",NA
"2098","[D-Ser1,D-Asp<U+00B3>]MC-HtyR",NA
"2099","[D-Asp<U+00B3>]MC-M(O2)R",NA
"2100","[D-Asp<U+00B3>]MC-Hty(OMe)R",NA
"2101","[seco-4/5][D-Asp<U+00B3>]MC-HtyR",NA
"2102","[D-Asp<U+00B3>]MC-MR",NA
"2103","[D-Asp<U+00B3>]MC-M(O)R",NA
"2104","Anachelin",NA
"2105","Anachelin-2",NA
"2106","Schizokinen",NA
"2107","Dehydroradiosumin",NA
"2108","(3R,2'S)-myxol 2'-fucoside",NA
"2109","(3S,2'S)-4-ketomyxol 2'-fucoside",NA
